REF_ID;PUB_TYPE;REFERENCE
REF001;Data base ;Collections and Research Online Databases. Accessed through GBIF data portal <http://www.sbcollections.org/vz/agreement.php>
REF002;Article;"Abreu, F.; De la Fuente, M. F. C.; Schiel, N.; and Souto, A. 2016. Feeding ecology and behavioral adjustments: flexibility of a small neotropical primate (Callithrix jacchus) to survive in a semiarid environment. Mammal Research, 61(3): 221-229."
REF003;Article;"Aguiar, K. M. O.; and Naiff, R. H. 2009. Aspectos reprodutivos e dieta alimentar dos ninhegos de Rhinoptynx clamator (Aves: Strigidae) no campus Marco Zero da Universidade Federal do Amapá. Acta Amazonica, 39:221-224."
REF004;Article;Aguiar, L. M., G. Ludwig, W. K. Svoboda, C. L. S. Hilts, I. T. Navarro, and F. C. Passos. 2007. Occurrence, local extinction and conservation of Primates in the corridor of the Upper Paraná River, with notes on other mammals. Revista Brasileira de Zoologia 24:898-906.
REF005;Article;"Albuquerque, N. M.; Silvestre, S. M.; Cardoso, T. S.; Ruiz-Esparza, J. M.; Rocha, P. A.; Beltrao-Mendes, R.; and Ferrari, S. F. 2014. Capture of a common marmoset -Callithrix jacchus- by a capuchin -Sapajus sp.- in the Ibura National Forest, Sergipe -Brazil-. Neotropical Primates, 21 (2): 218-220."
REF006;Thesis;Alexandre, B. R. 2013. Abordagem multiescalar para analise da distribuicao geográfica e conservação do habitat: um estudo de caso com Leontopithecus rosalia. Universidade Federal do Rio de Janeiro (UFRJ). 
REF007;Article;"Alexandrino, E. R.; Luz, D. A. T. ; Maggiorini, E. V. ; and Ferraz, K. M. P. M. B. 2012. Nest stolen: the first observation of nest predation by an invasive exotic marmoset (Callithrix penicillata) in an agricultural mosaic. Biota Neotropica, 12 (2): 211-215."
REF008;Article;"Almeida, M. V.; Paula, H. M. G; and Tavora, R. S. 2006. Observer effects on the behavior of non-habituated wild living marmosets (Callithrix jacchus). REVISTA DE ETOLOGIA, 2: 81-87."
REF009;Data base ;Alvarez Castaneda, S. T. 2007. Creacion de la base de datos de los Parques Nacionales Sierra de San Pedro Martir y Constitucion de 1857, y de la Reserva de la Biosfera Islas del Golfo de California para el grupo de los mamiferos. Centro de Investigaciones Biologicas del Noroeste S.C., Bases de datos SNIB-CONABIO proyecto No. BK011 Mexico D. F. Accessed through GBIF data portal <https://www.gbif.org/dataset/46d6da49-179c-49c6-bb62-b237c7ec5c3b/project>
REF010;Data base ;Alvarez Castaneda, S. T. 2008. Computarizacion de la Coleccion de mamiferos del Centro de Investigaciones Biologicas del Noroeste SC. Centro de Investigaciones Biologicas del Noroeste. Bases de datos SNIB-CONABIO proyecto No.CC001. Mexico D. F. Accessed through GBIF data portal <http://www.conabio.gob.mx/institucion/cgi-bin/datos.cgi?Letras=CC&Numero=1>
REF011;Article;"Alves, V. S.; Soares, A. B. A.; Couto, G. S.; Ribeiro, A. B. B.; and Efe, M. A. 1997. Aves do arquipélago dos Abrolhos, Bahia, Brazil. Ararajuba, 5: 209 - 218."
REF012;Web site;American Museum of Natural History, Mammals. Accessed through GBIF data portal <http://data.gbif.org/datasets/resource/8439, 2012-12-04.>
REF013;Thesis;Amescua, M. P. 2015. Aclimatização de saguis híbridos (Callithrix spp.) selvagens ao cativeiro e habituação aos humanos. Universidade Estadual do Norte Fluminense (UENF). 
REF014;Article;"Amora, T. D.; Beltrao-Mendes, R.; and Ferrari, S. F. 2013. Use of Alternative Plant Resources by Common Marmosets (Callithrix jacchus) in the Semi-Arid Caatinga Scrub Forests of Northeastern Brazil. American Journal of Primatology, 75 (4): 333-341."
REF015;Technical document;Amplo Engenharia e GestAo de Projetos / Vale. 2015. Programa de Monitoramento e Mitigação de Atropelamento de Fauna (Expansão da Estrada de Ferro Carajás). 
REF016;Article;"Anderson, C. B.; and Rosemond, A. D. 2007. Ecosystem engineering by invasive exotic beavers reduces in-stream diversity and enhances ecosystem function in Cape Horn, Chile. Oecologia, 154: 141-153. "
REF017;Article;"Anderson, C. B.; Griffith, C. R.; Rosemond, A. D.; Rozzi, R.; and Dollenz, O. 2006. The effects of invasive North American beavers on riparian plant communities in Cape Horn, Chile Do exotic beavers engineer differently in sub-Antarctic ecosystems? Biological conservation, 128: 467-474. "
REF018;Article;"Anderson, C. B.; Lencinas, M. V.; Wallem, P. K.; Valenzuela, A. E. J.; Smanonok, M. P.; and Pastur, G. M. 2014. Engeneering by na invasive species alters lanscape-level ecosystem function, but does not affect biodiversity in fleshwater systems. Diversity and Distributions, 20: 214-222. "
REF019;Article;"Anderson, C. B.; Rozzi, R.; Torres-Mura, J. C.; McGehee, S. M.; Sherriffs, M. F.; Schuttler, E.; and Rosemond, A. D. 2006. Exotic vertebrate fauna in the remote and pristine sub-Antarctic Cape Horn Archipelago, Chile. Biodiversity and Conservation, 15: 3295–3313."
REF020;Article;"Andrade-Nunez, M. J.; and Aide, T. M. 2010. Effects of habitat and landscape characteristics on medium and large mammal species richness and composition in northern Uruguay. Zoologia, 27 (6): 909-917."
REF021;Article;"Aprile, G.; and Chicco, D. 1999. Nueva especie exotica de mamifero en la Argentina: La ardilla de vientre rojo (Callosciurus erythraeus). Mastozoologia Neotropical, 6 (1):7-14."
REF022;Article;"Araujo, A.; Arruda, M. F.; Alencar, A. I.; Albuquerque, F.; Nascimento, M. C.; and Yamamoto, M. E. 2000. Body weight of wild and captive common marmosets (Callithrix jacchus). International Journal of Primatology 21 (2): 317-324."
REF023;Article;"Araujo, A.; Sousa, and M. B. C. 2008. Testicular volume and reproductive status of wild Callithrix jacchus. International Journal of Primatology, 29 (5): 1355 - 1364."
REF024;Data base ;Arctos, Division of Mammals, Museum of Southwestern Biology, Albuquerque, NM. Accessed through GBIF data portal <http://data.gbif.org/datasets/resource/980, 2012-12-04>
REF025;Data base ;Arctos, MVZ Mammal Catalog. Accessed through GBIF data portal <http://data.gbif.org/datasets/resource/8121, 2012-12-04>
REF026;Article;"Arimoro, O. A. S.; Lacerda, A. C. R.; Tomas, W. M.; Astete, S.; Roig, H. L.; and Marinho-Filho, J. 2017. Artillery for Conservation: The Case of the Mammals Protected by the Formosa Military Training Area, Brazil.Tropical Conservation Science, 10: 1-13."
REF027;Data base ;"Arnaud, G.; Breceda, A.; Alvarez-Cardenas, S.; Cordero, A.; Bonfil, C.; and Galina, P. 2014. Cerdos asilvestrados -Sus scrofa- en la reserva de la Biosfera Sierra La Laguna: evaluacion e impacto sobre la biodiversidad. Centro de Investigaciones Biologicas del Noroeste. Hoja de calculo SNIB-CONABIO, proyecto No. GN016. Mexico D.F. Accessed through GBIF data portal <http://www.conabio.gob.mx/institucion/cgi-bin/datos.cgi?Letras=CC&Numero=1>"
REF028;Data base ;"Arroyo Cabrales, J.; Polaco, O. J.; and Johnson, E. 2005. La mastofauna del cuaternario tardio de Mexico. Instituto Nacional de Antropologia e Historia. Bases de datos SNIB-CONABIO proyecto No. G012. Mexico, D. F. Accessed through GBIF data portal <http://www.conabio.gob.mx/institucion/proyectos/resultados/InfG012.pdf>"
REF029;Article;"Arruda, M. F.; Araujo, A.; Sousa, M. B. C.; Albuquerque, F. S.; Albuquerque, A. C. S. R.; and Yamamoto, M. E. 2005. Two breeding females within free-living groups may not always indicate polygyny: alternative subordinate female strategies in common marmosets (Callithrix jacchus). Folia primatologica, 76 (1): 10-20."
REF030;Article;"Ayala, B. P. A.; Caldano, L.; Junior, P. M. G. ; Pissinatti, A.; Marques, M. C.; Wormell, D.;  and Freitas, P. D. 2017. Genetic assessment for the endangered black lion tamarin Leontopithecus chrysopygus (Mikan, 1823), Callitrichidae, Primates. American Journal of Primatology, 79: 1 - 13."
REF031;Article;"Balasubramaniam, K. N.; Beisner, B. A.; Berman, C. M.;De Marco, A.; Duboscq, J.; Koirala, S.; Majolo, B.; Macintosh, A. J.; McFarland, R.; Molesti, S.; Ogawa, H.; Petit, O.; Schino, G.; Sosa, S.; Sueur, C.; Thierry, B.; Waal, F. B. M.; and McCowan, B. 2017. The influence of phylogeny, social style, and sociodemographic factors on macaque social network structure. American Journal of Primatology, 80: 1- 15.
"
REF032;Article;Baldone, V., L. Fuchs, M. Rojas, M. Fort, C. Venturini, and H. Giménez. 2006. Estudios serológicos de taxoplasmosis y neosporosis en la liebre europea (Lepus europaeus) en la provincia de La Pampa (Argentina). Boletin de divulgación técnica (EEA Anguil) 90:152-156.
REF033;Article;"Bales, K. L. 2017. American Journal of Primatology: Goals and priorities of a new editor. American Journal of Primatology, 80:1.
"
REF034;Article;Ballari, S. A., M. F. Cuevas, R. A. Ojeda, and J. L. Navarro. 2015. Diet of wild boar (Sus scrofa) in a protected area of Argentina: the importance of baiting. Mammal Research 60:81-87.
REF035;Article;"Ballari, S. A.; Cuevas, M. F.; Cirignoli, S.; and Valenzuela, A. E. 2015. Invasive wild boar in Argentina - using protected areas as a research platform to determine distribution, impacts and determine distribution, impacts and management. Biological invasions, 17:1595-1602."
REF036;Article;"Barrios-Garcia, M. N.; Classen, A. T.; and Simberloff, D. 2014. Disparate responses of above- and belowground properties to soil disturbance by an invasive mammal. Ecosphere, 5(4): 44."
REF037;Article;"Barrios-Garcia, M. N.; Relva, M. A.; and Kitzberger, T. 2012. Patterns of use and damage by exotic deer on native plant communities in northwestern Patagonia. Wildlife Reserach, 58:137-146."
REF038;Data base ;Base de dados nacional de especies exoticas invasoras I3N Brazil, Instituto Horus de Desenvolvimento e Conservacao Ambiental, Florianopolis SC. Accessed through GBIF data portal <http://i3n.institutohorus.org.br>
REF039;Data base ;Base de Datos de Especies Invasoras para Uruguay (InBUy). Accessed in <http://inbuy.fcien.edu.uy/>
REF040;Data base ;Base de datos ECOBIO Uruguay. Accessed through GBIF data portal <https://ecobiouruguay.org.uy/>
REF041;Thesis;Batista, G. O. 2015. O javali (Sus scrofa Linnaeus, 1758) na regiao do Parque Nacional das Araucarias: percepções humanas e relação com regeneraão de Araucaria angustifolia -Bertol.- Kuntze. Universidade Federal de Santa Catarina.
REF042;Article;"Beca, G.; Vancine, M. H.; Carvalho, C. S.; Pedrosa, F.; Alves, R. S. C.; Buscario, D.; Peres, C. A.; Ribeiro, M. C.; and Galetti, M. 2017. High mammal species turnover immersed in biofuel plantations. Biological Conservation, 210:352-359."
REF043;Thesis;Bechara, I. M. 2012. Abordagens metodologicas em Biogeografia da Conservacao para avaliar risco de extincao de espécies: um estudo de caso com Callithrix aurita (Primates: Callitrichidae). Universidade Federal do Rio de Janeiro (UFRJ).
REF044;Article;"Benitez, V. V.; Chavez, S. A.; Gozzi, A. C.; and Guichón, M. L. 2013. Invasion status of Asiatic red-bellied squirrels in Argentina. Mammalian Biology, 78:164-168."
REF045;Book;"Bergallo, H. G.; Martins-Hatano, F.; Raices, D. S.; Ribeiro, T. T. L.; Alves, A. G.; Luz, J. L.; Mangolin, R.; and Mello, M. A. R. 2004. Os mamíferos da Restinga de Jurubatiba. Pesquisas de longa duracao na Restinga de Jurubatiba. Ecologia, Historia Natural e Conservacao. Editora Rima, 374. São Carlos."
REF046;Article;"Bezerra, A. M.; Lazar, A.; Bonvicino, C. R.; and Cunha, A. S. 2014. Subsidies for a poorly known endemic semiarid biome of Brazil: non-volant mammals of an eastern region of Caatinga. Zoological Studies, 53 (16):1-13."
REF047;Article;"Bezerra, B. M.; and Souto, A. 2008. Structure and usage of the vocal repertoire of Callithrix jacchus. International Journal of Primatology, 29:671-701."
REF048;Article;"Bianchin, J. F.; Koenemann, J. G.; and Chiva, E. Q. 2011. Mamiferos nao voadores encontrados em tres areas do Parque Estadual do Espinilho, Barra do Quarai, Rio Grande do Sul, Brazil. Biodiversidade Pampeana, 9 (1):44-49."
REF049;Technical document;Biolaw. 2005. Monitoramento ambiental UHE 14 de Julho, rio das Antas, RS.
REF050;Technical document;Biolaw. 2006. Diagnostico ambiental de area destinada a extracao de carvao mineral pela empresa Copelmi Mineracao, municipio de Butia,RS.
REF051;Technical document;Biolaw. 2006. Diagnostico ambiental de area possivelmente destinada ao reflorestamento com eucalipto (Eucalyptus spp.) pela empresa Aracruz Celulose - Fazenda Bom Recreio, municipio de Sentinela do Sul, RS. Relatorio técnico.
REF052;Technical document;Biolaw. 2006. Diagnostico ambiental de area possivelmente destinada ao reflorestamento com eucalipto (Eucalyptus spp.) pela empresa Aracruz Celulose - Fazenda Cancela III, municipio de Encruzilhada do Sul, RS. Relatorio técnico.
REF053;Technical document;Biolaw. 2006. Diagnostico ambiental de area possivelmente destinada ao reflorestamento com eucalipto (Eucalyptus spp.) pela empresa Aracruz Celulose - Fazenda da Bota, municipio de Encruzilhada do Sul, RS. Relatorio técnico.
REF054;Technical document;Biolaw. 2006. Diagnostico ambiental de area possivelmente destinada ao reflorestamento com eucalipto (Eucalyptus spp.) pela empresa Aracruz Celulose - Fazenda do Limoeiro, municipio de Rio Pardo, RS. Relatorio técnico.
REF055;Technical document;Biolaw. 2006. Diagnostico ambiental de area possivelmente destinada ao reflorestamento com eucalipto (Eucalyptus spp.) pela empresa Aracruz Celulose - Fazenda Ferraria, municipio de Amaral Ferrador, RS. Relatorio técnico.
REF056;Technical document;Biolaw. 2006. Diagnostico ambiental de area possivelmente destinada ao reflorestamento com eucalipto (Eucalyptus spp.) pela empresa Aracruz Celulose - Fazenda Panorama, municipio de Santa Margarida do Sul, RS. Relatorio técnico.
REF057;Technical document;Biolaw. 2006. Diagnostico ambiental de area possivelmente destinada ao reflorestamento com eucalipto (Eucalyptus spp.) pela empresa Aracruz Celulose - Fazenda Sanga das Pedras, municipio de Pantano Grande, RS. Relatorio técnico.
REF058;Technical document;Biolaw. 2006. Diagnostico ambiental de area possivelmente destinada ao reflorestamento com eucalipto (Eucalyptus spp.) pela empresa Aracruz Celulose - Fazenda Sanga Funda, municipio de Pantano Grande, RS. Relatorio técnico.
REF059;Technical document;Biolaw. 2006. Diagnostico ambiental de area possivelmente destinada ao reflorestamento com eucalipto (Eucalyptus spp.) pela empresa Aracruz Celulose - Fazenda Santa Margarida, municipio de Santa Margarida do Sul, RS. Relatorio técnico.
REF060;Technical document;Biolaw. 2006. Diagnostico ambiental de area possivelmente destinada ao reflorestamento com eucalipto (Eucalyptus spp.) pela empresa Aracruz Celulose - Fazenda Sonho Meu, municipio de Butia, RS. Relatorio técnico.
REF061;Technical document;Biolaw. 2006. Diagnostico ambiental de area possivelmente destinada ao reflorestamento com eucalipto (Eucalyptus spp.) pela empresa Aracruz Celulose - Fazenda Taruma I, municipio de Pantano Grande, RS. Relatorio técnico.
REF062;Technical document;Biolaw. 2006. Diagnostico ambiental de area possivelmente destinada ao reflorestamento com eucalipto (Eucalyptus spp.) pela empresa Aracruz Celulose - Fazenda Velha, municipio de Rio Pardo, RS. Relatorio técnico.
REF063;Technical document;Biolaw. 2007. Diagnostico ambiental de area possivelmente destinada ao reflorestamento com eucalipto (Eucalyptus spp.) pela empresa Aracruz Celulose - Fazenda Candelaria, municipio de Candelaria, RS. Relatorio técnico.
REF064;Technical document;Biolaw. 2007. Monitoramento ambiental UHE 14 de Julho, rio das Antas, RS.
REF065;Congress Abstract;"Bó, R. F.; Arias S. M.; Corriale, M. J.; and Porini, G. 2007. La caza de liebres (Lepus europaeus) em Patagonia: uma alternativa viable? In Anais VII Congreso Internacional Gestion en Recursos Naturales. "
REF066;Article;"Bobadilla, S. Y.; Benitez, V. V.; and Guichón, M. L. 2016. Asiatic Callosciurus squirrels as seed dispersers of exotic plants in the Pampas. Current Zoology, 62 (3):215-219."
REF067;Thesis;Bogoni, J.A. 2018. Contingência versus determinismo: O papel dos paradigmas neutros e de nicho nos padrões de diversidade de mamíferos na Mata Atlântica Sulamericana. Universidade Federal de Santa Catarina.
REF068;Article;"Bolla, D. A. S.; Ceron, K.; Carvalho, F.; Matia, D. L.; Luiz, M. R.; Panatta, K. A.; Pavei, D.D.; Avila-Mendonça, R.; and Zocche, J. J. 2017. Mastofauna terrestre do sul de Santa Catarina: Mamíferos de médio e grande porte e voadores. Tecnologia e Ambiente, 23:61-78."
REF069;Thesis;Bonino, N. A. 2007. Distribucion actual de la liebre europea en Sudamérica. In: Estrategia adaptativa de dos especies de lagomorfos introducidos en la Patagonia Argentina, con especial referencia a sus hábitos alimentarios.
REF070;Dissertation;Bonino, N. A. 2007. Estrategia adaptativa de dos especies de lagomorfos introducidos en la Patagonia Argentina, con especial referencia a sus háitos alimentarios. Dissertation. Universidad de Sevilla, Sevilla, España.
REF071;Article;"Bonino, N. A.; and Soriguer, R. C. 2009. The invasion of Argentina by the European wild rabbit Oryctolagus cuniculus. Mammal Review 39 (3):159-166."
REF072;Article;"Bonino, N.; Cossios, D.; and Menegheti, J. 2010. Dispersal of the European hare, Lepus europaeus in South America. Folia Zoologica, 59 (1):9-15."
REF073;Article;"Boroni, N. L.; Pardiñas, U. F. J.; and Boroni, G. L. 2018. Vanished Lagoa Santa: Rodent species loss in the last two centuries. Mastozoología Neotropical, 25(1):17-33."
REF074;Article;"Bovendorp, R. S.; and Galetti, M. 2007. Density and population size of mammals introduced on a land-bridge island in southeastern Brazil. Biological Invasions, 9 (3):353-357."
REF075;Article;"Bovendorp, R. S.; Villar, N.; Abreu Junior, E. F.;Bello, C.; Regolin, A. L.; Percequillo, A. R.; and Galetti, M. 2017. Atlantic small-mammal: a dataset of communities of rodents and marsupials of the Atlantic forests of South America. Ecology, 98 (8):2226-2226. "
REF076;Article;"Bovo, A. A. A.; Magioli, M.; Percequillo, A. R.; Kruszynski, C.; Roberto, V. A.; Mello, M. A. R.; Correa, L. S.; Gebin, J. C. Z.; Ribeiro, Y. G. G.; Costa, F. B.; Ramos, V. N.; Benatti, H. R.; Lopez, B.; Alves, M. Z.; Diniz-Reis, T. R.; Camargo, P. B.; Labruna, M. B.; and Ferraz, K. M. P. M. B. 2018. Human-modified landscape acts as refuge for mammals in Atlantic Forest. Biota Neotropica, 18 (2):1-12."
REF077;Article;"Braga, C. A. C.; Drumonnd, L. O.; and Pires, M. R. S. 2016. Inventário de pequenos mamíferos (Rodentia e Didelphimorphia) da Serra de Ouro Branco: porção sul da Cadeia do Espinhaço, Minas Gerais, Brazil. Oecologia Australis, 20 (1):69-80. "
REF078;Article;"Braga, C.; Pinto, L. C. L.; Mateus, M. B.; and Pires, M. R. S. 2018. Ethnozoology as complementary method to inventory medium and large-bodied mammals: the case study of Serra do Ouro Branco, Brazil. Oecologia Australis 22 (1):28-40."
REF079;Article;"Branch, L.; Villarreal, D.; and Pessino, M. 1996. Response of pumas to a population decline of the plains vizcacha. Journal of Mammalogy 77:1132-1140."
REF080;Article;"Brandão, M. L.; Chame, M.; Cordeiro, J. L. P.; and Chaves, S. A. M. 2009. Diversidade de helmintos intestinais em mamíferos silvestres e domésticos na Caatinga do Parque Nacional Serra da Capivara, Sudeste do Piauí, Brazil. Revista Brasileira de Parasitologia Veterinária, 18 (1):19-28."
REF081;Article;"Brasington, L. F.; Wikberg, E. C.; Kawamura, S.; Fedigan, L. M.; and Jack, K. M. 2017. Infant mortality in white?faced capuchins: The impact of alpha male replacements. American Journal of Primatology, 79:1-11"
REF082;Data base ;Bravo Marentes, C. 1999. Inventario nacional de especies vegetales y animales de uso artesanal. Asociacion Mexicana de Arte y Cultura Popular A. C. Bases de datos SNIB-CONABIO proyecto No. J002. Mexico, D.F. Accessed through GBIF data portal <http://www.conabio.gob.mx/institucion/proyectos/resultados/J002_CARATULA%20BASE%20DE%20DATOS.pdf>
REF083;Article;"Braz, A. G.; Rosa, D. T. C.; Vale, M. M.; and Costa, L. P. 2016. New southernmost records of Callithrix geoffroyi (Primates, Callitrichidae) expand the species known range, in southeastern Brazil. Oecologia Australis, 20 (1):128-133. "
REF084;Article;Bueno, C. 2013. Ocorrência de Myocastor coypus (Molina, 1782) no Estado do Rio de Janeiro. Boletim da sociedade brasileira de mastozoologia, 66:9-11. 
REF085;Article;"Bunlungsup, S.; Kanthaswamy, S.; Oldt, R. O.; Smith, D. V.; Houghton, P.; Hamada, Y.; and Malaivijitnond,S. 2017. Genetic analysis of samples from wild populations opens new perspectives on hybridization between long?tailed (Macaca fascicularis) and rhesus macaques (Macaca mulatta). American Journal of Primatology, 79:1-12.
"
REF086;Article;"Burity, C. H. F.; Cruz, L. D.; Rocha, V. L.; Conceição, N. B.; Luz, D. E.; Santos, D. S.; Campos, D. C.; and Pissinatti, A. 2007. Golden lion tamarins, Leontopithecus rosalia (Linnaeus, 1766) in the Taquara Municipal Natural Park (Duque de Caxias, RJ): a southern extension of the known range. Neotropical Primates, 1:30-31."
REF087;Article;"Cabello, J. L.; Valenzuela, A. E. J.; and Anderson, C. B. 2017. Advance in the biological invasion process of the large hairy armadillo Chaetophractus villosus (Dasypodidae) in Tierra del Fuego Island: a new binational challenge. Anales Instituto Patagonia (Chile), 45 (2):109-115."
REF088;Web site;California Academy of Sciences, CAS Mammalogy (MAM) . Accessed through GBIF data portal < http://data.gbif.org/datasets/resource/14132, 2012-12-04>
REF089;Congress abstract;"Camargo, M. B.; Orozco, G. D.; Freitas, R. A.; Huckembeck, S.; Wallwitz, G. M.; and Bonow, F. C. 2014. Registro da espécie exótica invasora Axis axis (Erxleben, 1777) Mammalia: Cervidae no sul do estado do Rio Grande do Sul. VII CBMz - Congresso Brazileiro de Mastozoologia, Gramado. "
REF090;Technical document;"Campos, BATP; Andrade, M. A. Canassa, N.; Feijo, A. Mamiferos do Parque Estadual Mata do Pau-Ferro. In: Plano de Manejo Mata do Pau Ferro. "
REF091;Thesis;Carrano, E. 2006. Composição e conservação da avifauna na Floresta Estadual do Palmito, município de Paranaguá, Paraná. Universidade Federal do Paraná.
REF092;Article;"Carvalho, W. D.; Godoy, M. S. M.; Adania, C. H.; and Esberard, C. E. L. 2013. Assembleia de mamíferos não voadores da Reserva Biológica Serra do Japi, Jundiaí, São Paulo, suldeste do Brazil.Bioscience Journal, 29 (5):1370-1387."
REF093;Article;"Cassano, C. R.; Barlow, J.; and Pardini, R. 2012. Large mammals in an agroforestry mosaic in the Brazilian Atlantic forest. Biotropica, 44:818-825. "
REF094;Article;"Cassano, C. R.; Barlow, J.; and Pardini, R. 2014. Forest loss or management intensification? Identifying causes of mammal decline in cacao agroforests. Biological Conservation, 169:1-22."
REF095;Article;"Castro, C.S.; and Araújo, A. 2007. Diet and feeding behaviour of marmoset, Callithrix jacchus. Revista Brazileira de Ecologia, 7:14-19."
REF096;Data base ;Ceballos, G. 2002. Actualizacion de la base de datos del Atlas Mastozoologico de Mexico. Universidad Nacional Autonoma de Mexico. Instituto de Ecologia. Bases de datos SNIB-CONABIO proyectos No. T009 y A003. Mexico, D.F.  Accessed through GBIF data portal <http://www.conabio.gob.mx/institucion/proyectos/resultados/T009/metadatos/SNIB-T009-metadato.pdf>
REF097;Web site;Cervo encontrado em Porto Alegre é de espécie asiática com criação proibida no Rio Grande do Sul. 2017. Acesso em: <https://g1.globo.com/rs/rio-grande-do-sul/noticia/cervo-encontrado-em-porto-alegre-e-de-especie-asiatica-com-criacao-proibida-no-rio-grande-do-sul.ghtml>
REF098;Article;"Chacon J.; Gonzalez-Maya J. F.  2013. Noteworthy record of subsistence hunting and meat consumption of jaguarundi (Puma yagouaroundi) in Colombia. Revista Mexicana de Mastozoologia, 3(1):10-13."
REF099;Article;"Chagas, R. R. D.; and Ferrari, S. F. 2011. Population parameters of the endangered titi monkey, Callicebus coimbrai Kobayashi and Langguth, 1999, in the fragmented landscape of southern Sergipe, Brazil. Brazilian Journal of Biology,71 (3):569-575."
REF100;Article;"Chagas, R. R. D.;and Ferrari, S. F. 2010. Habitat use by Callicebus coimbrai (Primates: Pitheciidae) and sympatric species in the fragmented landscape of the Atlantic Forest of southern Sergipe, Brazil. Zoologia,  27 (6):853- 860."
REF101;Article;Cherem, J. J. 2005. Registros de mamíferos em estudos de avaliação ambiental no sul do Brazil. Biotemas, 18:169-202.
REF102;Article;"Cherem, J. J.; Althoff, S. L.; and Reinicke, R. C. 2008. Mamíferos. In: CHEREM, J. J.; KAMMERS, M. A fauna das areas de influência da Usina Hidrelétrica Quebra Queixo. Habilis editora, 1: 151-177."
REF103;Article;"Cherem, J. J.; and Althoff, S. L. 2015. Mamiferos de uma area de estepe ombrófila nos estados do Paraná e Santa Catarina, sul do Brazil. Boletim da Sociedade Brazileira de Mastozoologia, 73:42-50."
REF104;Article;"Cherem, J. J.; Kammers, M.; Ghizoni Junior, I. R.; and Martins, A. 2007. Mamiferos de médio e grande porte atropelados em rodovias do Estado de Santa Catarina, sul do Brazil. Biotemas, 20:81-96."
REF105;Article;"Chiarello, A. E.; and Melo, F. 2001. Primate Population Densities and Sizes in Atlantic Forest Remnants of Northern Espírito Santo, Brazil. International Journal of Primatology, 22 (3):379-396."
REF106;Article;"Contreras-Moreno, F. M.; Félix, H. K. C.; and Bello-Gutiérrez, J. 2012. Uso, Patrones de cacería y preferencia de presas en dos sitios del Parque Estatal La Sierra, Tabasco, México. Revista Etnobiologia, 10:1-10."
REF107;Article;"Cordeiro, J. L. P.; Hofmann, G. S.; Fonseca, C.; and Oliveira, L. F. B. 2018. Achilles heel of a powerful invader: restrictions on distribution and disappearance of feral pigs from a protected area in Northern Pantanal, Western Brazil. PeerJ, 6:e4200."
REF108;Article;Cossíos, D. 2004. La liebre europea, Lepus europaeus (Mammalia, Leporidae), especie invasora en el sur del Perú. Revista Peruana de Biología, 11(2):209-212.
REF109;Article;Cossíos, D. 2004. The european hare, Lepus europaeus (Mammalia, Leporidae), invasive species in south Peru. Peruvian journa of biology, 11 (2):209-212. 
REF110;Article;"Costa, M. D.; and Fernandes, F. A. B. 2010. Primeiro registro de Lepus europaeus Pallas, 1778 (Mammalia, Lagomorpha, Leporidae) no sul do Estado de Minas Gerais e uma síntese dos registros conhecidos para o sudeste do Brazil. Revista Brazileira de Zoociências, 12 (3):311-314."
REF111;Article;"Cuevas; M. F.; Ojeda, R. A.; and Jaksic, F. M. 2016. Ecological strategies and impact of wild boar in phytogeographic provinces of Argentina with emphasis on aridlands. Mastozoologia Neotropical, 23 (2):239-254."
REF112;Thesis;Cunha, A. A. 2005. Estratificação vertical, abundância e tamanho populacional do macaco-prego (Cebus sp.) e do mico-estrela (Callithrix jacchus) no Macico da Tijuca, Rio de Janeiro, RJ, Brazil. Universidade Federal do Rio de Janeiro.
REF113;Article;"Cunha, A. A.; Vieira, M. V.; and Grelle, C. E. V. 2006. Preliminary observations on habitat, support use and diet in two non-native primates in an urban Atlantic forest fragment: The capuchin monkey (Cebus sp.) and the common marmoset (Callithrix jacchus) in the Tijuca forest, Rio de Janeiro. Urban Ecosystems, 4:351-359."
REF114;Article;"Davis, E. F.; Anderson, C. B.; Valensuela, A. E. J.; Cabello, J. L.; and Soto, N. 2012. American mink (Neovison vison) trapping in the Cape Horn Biosphere Reserve: Enhancing current trap systems to control na invasive predator. Annale Zoologici Fennici, 49: 18 -22."
REF115;Article;"De la Fuente, M.F.C.; Souto, A.; Sampaio, M.B.; Schiel, N. 2014. Behavioral adjustments by a small Neotropical primate (Callithrix jacchus) in a semiarid caatinga environment. The Scientific World Journal, 2014:1-8."
REF116;Article;De la Sancha et al. 2009 b (o colaborador colocou somente isso, porém De La Sancha tem quatro artigos no mesmo ano com outros colaboradores)
REF117;Article;"De Melo Junior, T. A.; and Zara, F. J. 2007. Black-tufted-ear marmoset Callithrix penicillata (Primates: Callitrichidae) following the army ant Labidus praedator (Formicidae: Ecitoninae) in the Cerrado and the Atlantic Forest, Brazil. Neotropical Primates, 1: 32-33."
REF118;Article;"Deberdt, A. J.; and Scherer, S. B. 2007. O javali asselvajado: ocorrencia e manejo da especie no Brazil. Natureza & Conservação, 5 (2):31-44."
REF119;Article;"Decanini, D. E.; and Macedo, R. 2008. Sociality in Callithrix penicillata: II. Individual Strategies During Intergroup Encounters. International Journal of Primatology, 29:627-639."
REF120;Article;"Decanini, D.; and Macedo, R. 2008. Sociality in Callithrix penicillata: I. Intragroup Male Profile.International Journal of Primatology, 29:433-447."
REF121;Article;Delciellos, A. C. 2016. Mammals of four Caatinga areas in northeastern Brazil: inventory, species biology, and community structure. Check List, 12(3):1916.
REF122;Article;"Detogne, N.; Ferreguetti, A. C.; Mello, J. H. F.; Santana, M. C.; Dias, A. C.; Motta, N. C. J.; Gonçalves, A. E. C; Souza, C. P.; and Bergallo, H. G. 2017. Spatial distribution of buffy-tufted-ear (Callithrix aurita) and invasive marmosets (Callithrix spp.) in a tropical rainforest reserve in southeastern Brazil. American Journal of Primatology, 79:1-11."
REF123;Article;"Di Bitetti, M. S.; Di Blanco, Y. E.; Pereira, J. A.; Paviolo, A.; and Jimenez-Perez, I. 2009. Time partitioning favors the coexistence of sympatric crab-eating fox (Cerdocyon thous) and pampas fox (Lycalopex gymnocercus). Journal of Mammalogy, 90:479-490."
REF124;Article;"Dias, D. M.; and Bocchilgieri, A. 2016. Riqueza e uso do habitat por mamiferos de medio e grande porte na Caatinga, nordeste do Brazil. Neotropical Biology and Conservation, 11(1):38-46."
REF125;Article;"Dias, R. A., Chaves, R. O., Souza, G. O.; Gonçales, A. P.; Ikuta, C. Y.; Morais, Z. M.;Marcili, A.; Ferreira, F.; Amaku, M.; Neto, J. S. F.; and Vasconcellos, S. A. 2011. Exotic Rodent species in one South Atlantic Ocean island: house mouse (Mus musculus) infestation in Trindade Island, Brazil. Veterinaria Italiana. Collana di Monografie, Monografia 23:81-92. "
REF126;Article;"Dias, R. A.; Abrahao, C. R.; Micheletti, T.; Mangini, P. R.; Gasparotto, V. P. O.; Pena, H. F. J.; Ferreira, F.; Russell, J. C.; and Silva, J. C. R. 2017. Prospects for domestic and feral cat management on an inhabited tropical island. Biological Invasions, 19 (8):2339-2353. "
REF127;Web site ;Division of Mammals, Museum of Southwestern Biology (MSB). Accessed through GBIF data portal ,<https://www.unmfund.org/fund/museum-of-southwestern-biology-mammal-division/>
REF128;Article;"Donadio, E.; Pauli, J. N.; and Bonino, N. 2005. A method to estime body mass and relative age of exotic logoorphs in the southern Neotropics. Acta theriologica, 50(1):81-89."
REF129;Article;"Donatti, C. I.; Guimarães, P. R.; Galetti, M.; Pizo, M. A.; Marquitti, F. M. D.; and Dirzo, R. 2011. Analysis of a hyper-diverse seed dispersal network: modularityand underlying mechanisms. Ecology Letters, 14:773–781."
REF130;Article;"Donatti, C.I., Guimarães Jr., P.R.; & Galetti, M. 2009. Seed dispersal and predation in the endemic Atlantic Forest palm Astrocaryum aculeatissimum across a gradient of seed disperser abundance. Ecological Research, 24:1187–1195."
REF131;Technical document;"Duarte, M. M.; and Bencke, G. A. 2008. Plano de manejo da Estação Ecológica Estadual de Aratinga. "
REF132;Article;"Ebensperger, L. A.; Mella, J. E.; and Simonetti, J. A. 1991. Trophic-Niche Relationship among Galictis cuja, Dusicyon culpaeus, and Tyto alba in Central Chile. Journal of Mammalogy, 72:820-823. "
REF133;Article;"Espinosa, C. C.; Galiano, D.; Kubiak, B. B.; and Marinho, J. R. 2016. Medium- and large-sized mammals in a steppic savanna area of the Brazilian Pampa: survey and conservation issues of a poorly known fauna. Brazilian Journal of Biology, 76 (1):73-79."
REF134;Article;"Fabian, M. E.; and Zilio, F. 2004. Inventário preliminar da fauna de mamíferos da área de influência dos arroios Itapua e Amoras, município de Viamao, Rio Grande do Sul, Brazil. Revista Brazileira de Biociências, 2 (2):69-76."
REF135;Article;"Fardi, S.; Sauther, M. L.; Cuozzo, F. P.; Jacky, I. A. Y.; and Bernstein, R. M. 2017. The effect of extreme weather events on hair cortisol and body weight in a wild ring?tailed lemur population (Lemur catta) in southwestern Madagascar. American Journal of Primatology, 80:1-16.
"
REF136;Book;Faria, D. S. 1986. Tamanho, composição de um grupo social e a área de vivência (home-range) do sagui Callithrix jacchus penicillata na mata ciliar do corrego Capetinga, Brazilia, DF. In: Mello, M. T. (ed.). A primatologia no Brazil 2. Sociedade Brazileira de Primatologia, 87-105. Brazilia.
REF137;Article;"Faria, G. M. M.; Rosa, C. A.; Correa, G. L. C.; Puertas, F.; Jimenez, K. M. O.; Perillo, L. N.; Hufnagel, L.; Leles, B.; Paula, R. C.; Rodriques, F. H. G; and Passamani, M. 2015. Geographic Distribution of the European hare (Lepus europaeus) in Brazil and new records of occurrence for the Cerrado and Atlantic Forest biomes. Mammalia, 80 (5):497-505. "
REF138;Article;"Fasola, L.; and Valenzuela, A. E. J. 2014. Invasive carnivores in Patagonia: defining priorities for their management using the American mink (Neovison vison) as a case study.  Ecología austral, 24 (2):173-182."
REF139;Article;"Fasola, L.; Bello, M.; and Guichon, M. L. 2005. Uso de trampas de pelo y caracterizacion de los pelos de la ardilla de vientre rojo. Mastozoologia Neotropical, 12 (1):9-17."
REF140;Article;"Faulkes, C. G.; Arruda, M. F.; and Monteiro da Cruz, M. A. O. 2003. Matrilineal genetic structure within and among populations of the cooperatively breeding common marmoset, Callithrix jacchus. Molecular Ecology, 12 (4):1101-1108."
REF141;Article;"Ferrari, S. E.; and Mendes, R. 2011. Do snakes represent the principal predatory threat to callitrichids? Fatal attack of a viper (Bothrops leucurus) on a common marmoset (Callithrix jacchus) in the Atlantic Forest of the Brazilian Northeast. Primates, 52:207-209."
REF142;Congress abstract;"Ferreira, S. B.; Stumpf, P. P.; Colombo, P.; Mahler Jr., J. K. F.; Focchi, S. S.; Castro, F. L. 2005. Diagnóstico preliminar das espécies exóticas invasoras nas unidades de conservação do Rio Grande do Sul, inseridas no projeto de conservação da Mata Atlântica. In: Anais do Simpósio Brasileiro Sobre Espécies Exóticas Invasoras."
REF143;Article;"Fiorenza, L.; and Bruner, E. 2017. Cranial shape variation in adult howler monkeys (Alouatta seniculus). American Journal of Primatology, 80:1-19.
"
REF144;Article;Flueck, W. T. 2004. Observations of interactions between Puma, Puma concolor, and introduced European Red Deer, Cervus elaphus, in Patagonia. Canadian Field-Naturalist 118:132-134.
REF145;Article;"Fornitano, L.; Angeli, T.; Costa, R. T.; Olifiers, N.; and Bianchi, R. C. 2015. Medium to large-sized mammals of the Biological Reserve Augusto Ruchi, Sao Paulo state, Brazil. Oecologia Australis, 19(1):232-243."
REF146;Article;"Fracassi, N.G.; Moreyra, P.A.; Lartigau, B.; Teta, P.; Lando, R.; and Pereira, J. 2010. Nuevas especies de mamiferos para el Bajo Delta del Parana y bajios riberenos adyacentes, Buenos Aires, Argentina. Mastozoologia Neotropical, 17 (2):367-373."
REF147;Article;"Francisco, T. M.; Couto, D. R.; Silva, I. O.; Pacheco, C. M.; and Boere, V. 2016. Aquisicao de exsudatos por saguis na mata atlantica: influencia dos dados dendrometricos de arvores gomiferas. Enciclopedia Biosfera, 13 (24):1111-1123.       "
REF148;Article;"Franklin, W. L.; Johnson, W. E.; Sarno, R. J.; and Iriarte, J. A. 1999. Ecology of the Patagonia puma Felis concolor patagonica in southern Chile. Biological Conservation, 90(1):33-40."
REF149;Article;"Franquesa?Soler, M.; and Serio?Silva, J. C. 2017. Through the eyes of children: Drawings as an evaluation tool for children's understanding about endangered Mexican primates. American Journal of Primatology, 79:1-12."
REF150;Article;"Fuzessy, L.F.; Silva, I.O.; Malukiewicz, J.; Silva, F.F.R.; Ponzio, M.C.; Boere, V.; and Ackermann, R.R. 2014. Morphological Variation in Wild Marmosets (Callithrix penicillata and C. geoffroyi) and Their Hybrids. Evolutionary Biology, 41:493-493."
REF151;Article;"Galende, G. I.; and Raffaele, E. 2008. Space use of a non-native species, the European hare (Lepus europaeus), in habitats of the southern vizcacha (Lagidium viscacia) in Northwestern Patagonia, Argentina. European Journal of Wildlife Research, 54 (2):299-304."
REF152;Article;"Galetti, M.; Camargo, H.; Siqueira, T.; Keuroghlian, A.; Donatti, C. I.; Jorge, M. L. S. P.; Pedrosa, F.; Kanda, C. Z.; and Ribeiro, M. C. 2015. Diet Overlap and Foraging Activity between Feral Pigs and Native Peccaries in the Pantanal.  Plos One, 10 (11):e0141459."
REF153;Article;"Galiano, D.; Kubiak, B. B. ; MARINHO, J. R. ; and FREITAS, T. R. O. 2013. Population dynamics of Akodon montensis and Oligoryzomys nigripes in an Araucaria forest of Southern Brazil. Mammalia, 77:173-179."
REF154;Article;Gambarotta J.C., Saralegui A. & Gonzalez E.M. 1999. Vertebrados tetrapodos del Refugio de Fauna Laguna de Castillos, Departamento de Rocha. Relevamientos de Biodiversidad, 3: 1-31
REF155;Article;"Garber,P. A. 2017. A decade as Executive Editor of the American Journal of Primatology. American Journal of Primatology, 79: 1.
"
REF156;Data base ;Garcia Mendoza, D. F. 2015. Actualizacion de la base de datos de la Coleccion Regional Durango (Mammalia). Centro Interdisciplinario de Investigacion para el Desarrollo Integral Regional Durango. Instituto Politecnico Nacional. Bases de datos de tejidos SNIB-CONABIO proyecto No. HA002. Mexico, D.F.  Accessed through GBIF data portal <http://www.snib.mx/iptconabio/resource?r=SNIB-HA002-HA0021106F_Corregida-ND>
REF157;Article;"Garcia, G., Vergara, J.; and Lombardi, R. 2011. Genetic characterization and phylogeography of the wild boar Sus scrofa introduced into Uruguay. Genetics and Molecular Biology, 34 (2):329-337"
REF158;Article;"Garcia-Olaechea, A.; and Hurtado, C. M. 2018. Assessment of the current distribution and human perceptions of the Pampas cat Leopardus colocolo in northern Peru and southern Ecuador. Oryx, 52: 587-590."
REF159;Data base ;Global Invasive Species Database. GBIF Occurrence Download. Accessed through GBIF data portal <https://doi.org/10.15468/dl.bw71fo>
REF160;Data base ;"Global Register of Introduced and Invasive Species- Brazil. Accessed through GBIF data portal <ipt.ala.org.au/resource?r=Brazil-griis-gbif&amp;v=1.2>"
REF161;Data paper;"Gonçalves, F.; Bovendorp, R. S.; Beca, G.; Bello, C.; Costa-Pereira, R.; Muylaert, R. L.; Rodarte, R. R.; Villar, N.; Souza, R.; Graipel, M. E.; Cherem, J. J.; Faria, D.; Baumgarten, J.; Alvarez, M. R.; Vieira, E. M.; Cáceres, N.; Pardini, R.; Leite, Y. L. R.; Costa, L. P.; Mello M. A. R.; Fischer, E.; Passos, F. C.; Varzinczak, L. H.; Prevedello, J. A.; Cruz-Neto, A. P.; Carvalho F.; Percequillo, A. R.; Paviolo, A.; Nava, A.; Duarte, J. M. B.; De la Sancha, N. U.; Bernard, E.; Morato, R. G.; Ribeiro, J. F.; Becker, R. G.; Paise, G.; Tomasi, P. S.; Vélez-Garcia, F.; Melo, G. L.; Sponchiado, J.; Cerezer, F.; Barros, M. A. S.; Souza, A. Q. S.; Santos, C. C.; Giné,  G. A. F.; Kerches-Rogeri, P.; Weber, M. M.; Ambar, G.; Cabrera-Martinez, L. V.; Eriksson, A.; Silveira, M.; Santos, C. F.; Alves, L.; Barbier, E.; Rezende, G. C.; Garbino, G. S. T.; Rios, É. O.; Silva, A.; Nascimento, A. T. A.; Carvalho, R. S.; Feijó, A.; Arrabal, J.; Agostini, I.; Lamattina, D.; Costa, S.; Vanderhoeven, E.; Melo, F. R.; Laroque, P. O.; Jerusalinsky, L.; Valença-Montenegro, M. M.; Martins, A. B.; Ludwig, G.; Azevedo, R. B.; Anzóategui, A.; Silva, M. X.; Moraes, M. F. D.; Vogliotti, A.; Gatti, A.; Püttker, T.; Barros, C. S.; Martins, T. K.; Keuroghlian, A.; Eaton, D. P.; Neves, C. L.; Nardi, M. S.; Braga, C.; Gonçalves, P. R.; Srbek-Araujo, A. C.; Mendes, P.; Oliveira, J. A.; Soares, F. A. M.; Rocha, P. A.; Crawshaw, P. J.; Ribeiro, M. C.; and Galetti, M. 2018. ATLANTIC MAMMAL TRAITS: a data set of morphological traits of mammals in the Atlantic Forest of South America. Ecology, 99(2): 498."
REF162;Article;"Gonçalves, F.; Hannibal, W.; Godoi, M. N.; Martins, F. I.; Oliveira, R. F.; Figueiredo, V. V.; Casella J.; and Sá, É. F. G. G. 2018. Non-volant mammals from the Upper Paraná River Basin: a data set from a critical region for conservation in Brazil. Ecology, 99(2): 499. "
REF163;Article;"Gonzalez, E. M.; and Fregueiro, G. 1999. Mamiferos no voladores de Laguna del Cisne, departamento de Canelones, Uruguay (Mammalia). Relevamientos de Biodiversidad, 2:1-7."
REF164;Book;"Gonzalez, E. M.; and Martinez-Lanfranco, J. A. 2010. Mamiferos de Uruguay: guia de campo e introduccion a su estudio y conservacion. Banda Oriental, 464. Montevideo. "
REF165;Web site;Gonzalez, S. 2002. Inventory of large mammals at San Miguel National Park. Accessed in  <www.mvotma.gub.uy/documentos/marco-juridico/inventory-of-large-mammals-at-san-miguel-national-park.html>
REF166;Article;"González-Acuña, D.; Rebolledo, P.; Skewes, O.; Moreno, L.; and Castro, D. 2005. Parásitos de la liebre (Lepus Europaeus Pallas, 1778): estudio en dos zonas geográficas de Chile. Parasitol Latinoamericana, 60:174-177. "
REF167;Article;"Gozzi, A. C.; Guichón, M. L.; Benitez, V. V.; and Lareschi, M. 2013. Arthropod parasites of the red-bellied squirrel Callosciurus erythraeus introduced into Argentina. Medical and Veterinary Entomology, 27:203–208."
REF168;Data base ;"Gual, D. M.; Rendon, C. A.; Alamilla, F. L.; Cifuentes, R. P.; and Lozano, R. A. T. 2013. Bosque Mesofilo de Montana de Mexico. Comision Nacional para el Conocimiento y Uso de la Biodiversidad. Base de datos SNIB-CONABIO proyecto Sistema de Informacion del Bosque Mesofilo de Montana en Mexico -Sl-BMM-. Mexico, D. F.  Accessed through GBIF data portal  <https://www.biodiversidad.gob.mx/ecosistemas/pdf/BosquesMesofilos_montana_baja.pdf>"
REF169;Article;"Guinchón, M. L.; Benitez, V. V.; Gozzi, A. C.; Hertziken, M.; and Borgnia, M. 2015. From a lag in vector activity to a constant increase of translocations: invasion of Callosciurus squirrels in Argentina. Biological Invasions, 17 (9): 2597–2604.
"
REF170;Technical document;Hack, R. O. E. 2012. Mastofauna. In: Institutos Lactec (2012). RAS LT 138kV Mandaguari - Sao Pedro do Ivai: 69-73.
REF171;Technical document;Hack, R. O. E. 2014. Mastofauna. In: Institutos Lactec (2014). EIA/RIMA Complexo Eolico-Eletrico (CEE) Campos Gerais: 480-514.
REF172;Technical document;Hack, R. O. E. 2017. Censo, tamanho populacional, composição e classificação sexo-etaria. In: Institutos Lactec (2017). O muriqui-do-sul (Brachyteles arachnoides) como espécie-chave para a conservação da biodiversidade do vale do rio Ribeira de Iguape, Parana. Relatorio tecnico nao publicado: 1-8.
REF173;Technical document;"Hack, R. O. E.; and Santos, J. J. S. 2014. Mastofauna. In: Institutos Lactec (2014). Programa de Monitoramento de Fauna Silvestre da PCH Cavernoso II. "
REF174;Data base ;Halffter Salas, G. 2009. Analisis de las relaciones entre las diversidades alfa, beta y gama a distintos niveles de escala espacial: Procesos historicos y ecologicos que intervienen. V Etapa. Instituto de Ecologia A.C. Bases de datos SNIB-CONABIO proyectos No. EE005, BE012, U030 y K038. Mexico, D.F. Accessed through GBIF data portal http://www.snib.mx/iptconabio/resource?r=SNIB-EE005&v=1.3
REF175;Article;"Heagerty, A.; Wales, R. B.; Prongay, K.; Gottlieb, D. H.; and Coleman, K. 2017. Social hair pulling in captive rhesus macaques (Macaca mulatta). American Journal of Primatology, 79:1-11."
REF176;Article;"Hendges, C. D.; Salvador, C. H.; and Nichele, M. A. 2015. Mamíferos de médio e grande porte de remanescentes de Floresta Estacional Decidual no Parque Estadual Fritz Plaumann e em areas adjacentes, Sul do Brazil. Biotemas, 28:121-134."
REF177;Article;"Hengemuhle, A.; and Cademartori, C. V. 2008. Levantamento de mortes de vertebrados silvestres devido a atropelamento em um trecho da Estrada do Mar (RS-389). Biodiversidade Pampeana, 6 (2):4-10."
REF178;Article;"Henriques, R.; Briani, D.; Palma, A.; and Vieira, E. 2006. A simple graphical model of small mammal succession after fire in the Brazilian cerrado.Mammalia, 70:226-230."
REF179;Article;"Herrera, A. H.; Manríquez, M. T.; Muñoz, R.; Anderson, C. B.; and Pastur, G. M. 2017. Potencial presencia del castor norteamericano en el Parque Nacional Cabo de Hornos. Anales del Instituto de la Patagonia (Chile), 45:67-71.
"
REF180;Article;"Herrero, J.; and Fernandez de Luco, D. 2003. Wild boars (Sus scrofa L.) in Uruguay: scavengers or predators? Mammalia, 67 (4):485-491."
REF181;Article;"Hofmann, G. S.; Coelho, I. P.; Bastazini, V. A. G.; Cordeiro, J. L. P.; and Oliveira, L. F. B. 2016. Implications of climatic seasonality on activity patterns and resource use by sympatric peccaries in northern Pantanal. International Journal of Biometeorology, 60:421-433. "
REF182;Article;Hubrecht, R. C. 1985. Home-range size and use and territorial behavior in the common marmoset, Callithrix jacchus jacchus, at the Tapacura Field Station, Recife, Brazil. International Journal of Primatology, 6:533-550.
REF183;Technical document;IBAMA. 2005. Parque Nacional da Serra da Canastra. Plano de Manejo de 2005. 
REF184;Technical document;ICMBio. 2009. Plano de Manejo, Floresta Nacional de Passa Quatro, Minas Gerais: Diagnostico. 
REF185;Web site;Illinois State University, ISU Mammals. Accessed through GBIF data portal <http://data.gbif.org/datasets/resource/14194, 2012-12-04>
REF186;web site;Instituto de Investigacion de Recursos Biologicos Alexander von Humboldt (2014). Fauna invasora en el territorio continental e insular colombiano. 4100 registros, aportados por: Baptiste, M. (Contacto del recurso), De la cruz Godoy, J. (Creador del recurso, Proveedor de metadatos). Version 3.0. Accessed  in <http://i2d.humboldt.org.co/ceiba/resource.do?r=fauna-invasora_is_2014>
REF187;Article;"Iriarte, J. A.; Johnson, W. E.; and William, L. F. 1991. Feeding ecology of the Patagonia puma in southrnmost Chile. Revista Chilena de Historia Natural, 64:145-156."
REF188;Thesis;ISLAS, C. A. 2013. Identificação da mastofauna de médio e grande porte e suas relações com moradores no entorno da UFPel, Capao do Leao, RS. Universidade Federal de Pelotas.
REF189;Article;Jaksic, F. M. 1998. Vertebrate invaders and their ecological impacts in Chile. Biodiversity and Conservation, 7:1427-1445. 
REF190;Article;"Jaksic, F. M.; Iriarte, J. A.; Jiménez, J. E.; and Martínez, D. R. 2002. Invaders without frontiers: cross-border invasions of exotic mammals. Biological Invasions, 4:157–173."
REF191;Article;"Jaksic, F. M.; Yánez, J. L.; and Rau, J. R. 1983. Trophic relations of the southernmost populations of Dusicyon in Chile. Journal of Mammalogy, 64:693–697."
REF192;Data base ;James, R. Slater Museum of Natural History, Terrestrial vertebrates. Accessed through GBIF data portal <http://data.gbif.org/datasets/resource/1465, 2012-12-04>
REF193;Article;"Jessen, R. R.; Merrick, M. J.; Koprowski, J. L.; and Ramirez, O. 2010. Presence of Guayaquil squirrels on the central coast of Peru: an apparent introduction. Mammalia, 74 (4): 443–444.
"
REF194;Data base ;"Jimenez Guzman, A.; Nino Ramirez, J. A.; and Ramos, M. A. Z. 1998. Mamiferos de Nuevo Leon: distribucion y taxonomia. Universidad Autonoma de Nuevo Leon. Facultad de Ciencias Biologicas. Bases de datos SNIB-CONABIO. Proyecto No. P008. Mexico, D.F. Accessed through GBIF data portal <http://www.conabio.gob.mx/institucion/proyectos/resultados/P008/metadatos/SNIB-P008-metadato.pdf>"
REF195;Web site;"Jimenez-Romero, G. L.; and Echeverri-Lopez, D. 2018. Modelo de distribucion de Hippopotamus amphibius ID FIN-346. Laboratorio de Biogeografia Aplicada. Instituto Alexander von Humboldt. Accessed in <http://biomodelos.humboldt.org.co/species/visor?species_id=7233.>"
REF196;Thesis;Juarez, K. M. 2008. Mamíferos de médio e grande porte nas Unidades de conservação do Distrito Federal. Universidade de Brazilia. 
REF197;Article;"Junior, V. E.; and Leite, Y. 2007. Uso de habitats por pequenos mamíferos no Parque Estadual da Fonte Grande, Vitoria, Espírito Santo, Brazil. Boletim do Museu de Biologia Mello Leitão, 21:57-77."
REF198;Thesis;Kaizer, M. C. 2013. Diagnóstico da invasão de javalis asselvajados (Sus scrofa Linnaeus, 1758) na região de Tombos-MG. Universidade Federal de Lavras.
REF199;Article;"Kaizer, M. C.; Novaes, C. M.; and Faria, M. B. 2014. Wild boar Sus scrofa (Cetarctiodactyla, Suidae) in fragments of the Atlantic forest, shoutheastern Brazil: New records and potential environmental impacts. Mastozoologia Neotropical, 21 (2):343-347."
REF200;Article;"Kajdacsi, B.; Costa, F.; Hyseni, C.; Porter, F.; Brown, J.; Rodrigues, G.; Farias, H.; Reis, M. G.; Childs, J. E.; KO, A. I.; and Caccone, A. 2013. Urban population genetics of slum-dwelling rats (Rattus norvegicus) in Salvador, Brazil. Molecular Ecology, 22:5056-5070."
REF201;Article;"Kasper, T.; Haberzettl, T.; Doberschütz, S.; and Daut, G. 2012. Indian Ocean Summer Monsoon (IOSM)-dynamics within the past 4 ka recorded in the sediments of Lake Nam Co, central Tibetan Plateau (China). Quaternary Science Reviews, 39:73-85 ·"
REF202;Article;"Kleiman, F.; González, N.; Rubel, D.; and Wisniveksy, C. 2004. Fasciola hepatica (Linnaeus, 1758)(Trematoda, Digenea) en liebres europeas (Lepus europaeus, Pallas 1778)(Lagomorpha, Leporidae) en la región Cordillerana Patagónica, Chubut, Argentina. Parasitología latinoamericana, 59 (1-2):68-71."
REF203;Article;"Koomen, R.; Herrmann, E. 2018. The effects of social context and food abundance on chimpanzee feeding competition. American Journal of Primatology, 80:1-9."
REF204;Article;"Kufner, M. B., Sepúlveda, L.; Gavier, G.; Madoery, L.; and Giraudo, L. 2008. Is the native deer Mazama gouazoubira threatened by competition for food with the exotic hare Lepus europaeus in the degraded Chaco in Córdoba, Argentina? Journal of Arid Environments, 72 (12):2159-2167."
REF205;Technical document;Lactec. 2016. Elaboração de Metodologia de Suprimento de Energia Eletrica a Sistemas Isolados no Pantanal Sul-Matogrossense. Etapa 4 (Avaliacao Ambiental). Entrega (Relatório final) meio fisico, biotico, socioeconomico.
REF206;Article;"Lantschner, M. V.; Rusch, V.; and Hayes, J. P. 2013. Do exotic pine plantations favour the spread of invasive herbivorous mammals in Patagonia? Austral Ecology,38: 338–345."
REF207;Article;"Lavergne, A.; Thoisy, B.; Tirera, S.; and Donato, D. 2016. Identification of lymphocytic choriomeningitis mammarenavirus in house mouse (Mus musculus, Rodentia) in French Guiana. Infection, Genetics and Evolution, 37:225-230."
REF208;Article;"Lazaro-Perea, C.; Castro, C. S.; Harrison, R.; Araujo, A.; Arruda, M. F.; and Snowdon, C. T. 2000. Behavioral and demographic changes following the loss of the breeding female in cooperatively breeding marmosets. Behavioral Ecology and Sociobiology, 48 (2):137-146."
REF209;Data base ;Leon Cortes, J. L. 2005. Patrones de diversidad floristica y faunistica del area focal Ixcan, selva Lacandona, Chiapas. El Colegio de la Frontera Sur. Unidad San Cristobal de las Casas. Bases de datos SNIB-CONABIO. Mamiferos. Proyecto No. Y036. Mexico, D.F. Accessed through GBIF data portal <http://www.conabio.gob.mx/institucion/cgi-bin/datos.cgi?Letras=Y&Numero=36>
REF210;Data base ;Leon, P. L. y V.Z.A. Avila. 2012. Actualizacion de la base de datos de la Coleccion de mamiferos del Museo de Zoologia Alfonso L. Herrera. Universidad Nacional Autonoma de Mexico. Facultad de Ciencias. Bases de datos SNIB-CONABIO, proyectos EC010, M099_Mamiferos, J123_Mamiferos, H160, B002_Mamiferos. Mexico D. F. Accessed through GBIF data portal <clarify.infocenter.support>
REF211;Article;"Lessa, I. C. M.; Bergallo, H. G. 2012. Modeling the control of adomestic cat population: an example from an Island in Brazil.Brazilian Journal Biology, 72:445-452."
REF212;Article;"Liao, Z.; Sosa, S.; Wu, C.; and Zhang, P. 2017. The influence of age on wild rhesus macaques' affiliative social interactions. American Journal of Primatology, 80:1-10.

"
REF213;Article;"Lima, F.; Beca, G.; Muylaert, R. L.; Jenkins, C. N.; Perilli, M. L. L.; Paschoal, A. M. O.; Massara, R. L.; Paglia, A. P.; Chiarello, A. G.; Graipel, M. E.; Cherem, J. J.; Regolin, A. L.; Santos, L. G. R. O.; Brocardo, C. R.; Paviolo, A.; Di Bitetti, M. S.; Scoss, L. M.; Rocha, F. L.; Fusco?Costa, R.; Rosa, C. A.; Silva, M. X.; Hufnagell, L.; Santos, P. M.; Duarte, G. T.; Guimarães, L. N.; Bailey, L. L.; Rodrigues, F. H. G.; Cunha, H. M.; Fantacini, F. M.; Batista, G. O.; Bogoni, J. A.; Tortato, M. A.; Luiz, M. R.; Peroni, N.; Castilho, P. V.; Maccarini, T. B.; Picinatto Filho, V.; Angelo, C.; Cruz, P.; Quiroga, V.; Iezzi, M. E.; Varela, D.; Cavalcanti, S. M. C.;  Alexandre C. Martensen, A. C.; Maggiorini, E. V.; Keesen, F. F.; Nunes, A. V.; Lessa, G. M.; Cordeiro?Estrela, P.; Beltrão, M. G.; Albuquerque, A. C.F.; Ingberman, B.; Cassano, C. R.;  and Cullen Junior, L.  2017. ATLANTIC-CAMTRAPS: a dataset of medium and large terrestrial mammal communities in the Atlantic Forest of South America. Ecology, 98:2979-2979."
REF214;Technical document;Lleellish, M., R. Cadenillas, and G. Chipana. 2007. Presencia de la liebre europea Lepus europaeus en el departamento de Tacna. Serie de publicaciones de flora y fauna silvestre. Instituto Nacional de Recursos Naturales. Lima, Perú.
REF215;Data base ;"Lopez Gonzalez, C.; and Perez, H. S. E. 2004. Peces y Mamiferos de la region de Norogachi, Alta Sierra Tarahumara, Chihuahua. Instituto Politecnico Nacional. Centro Interdisciplinario de Investigacion para el Desarrollo Integral Regional-Durango. Bases de datos SNIB-CONABIO. Proyecto No. X011. Mexico, D.F. Accessed through GBIF data portal <http://www.conabio.gob.mx/institucion/proyectos/resultados/X011_Base%20de%20datos_mamiferos_peces.pdf>"
REF216;Data base ;Lopez Wilchis, R. 1998. Base de datos de mamiferos de Mexico depositados en colecciones de Estados Unidos y Canada. Universidad Autonoma Metropolitana. Unidad Iztapalapa. Bases de datos SNIB-CONABIO. Proyecto No. P130. Mexico, D.F. Accessed through GBIF data portal <http://www.conabio.gob.mx/institucion/cgi-bin/datos.cgi?Letras=P&Numero=130>
REF217;Article;"Lopez, E. H.; and Chacon, J. 2013. Nuevo registro de Myrmecophaga tridactyla para el departamento de Cordoba, Colombia con anotaciones sobre comportamiento agonistico interespecifico. Revista Colombiana de Ciencia Animal, 5 (2):422-426."
REF218;Article;"López-Cortéz, F.; Cortés, A.; Miranda, E.; Rau, J. R. 2007. Dietas de Abrothrix andinus, Phyllotis xanthopygus (Rodentia) y Lepus europaeus (Lagomorpha) em um ambiente altoandino de Chile. Revista Chilena de Historia Natural, 80:3-12."
REF219;Data base ;"Lorenzo-Monterrubio, A. M. C.; Bolanos Citalan, J. E.; and Torres, F. B. 2005. Actualizacion de la base de datos de la coleccion mastozoologica de El Colegio de la Frontera Sur, San Cristobal de las Casas. El Colegio de la Frontera Sur. Unidad San Cristobal de las Casas. Bases de datos SNIB-CONABIO proyecto No. AA003. Mexico, D.F. Accessed through GBIF data portal <http://www.conabio.gob.mx/institucion/proyectos/resultados/AA003_CARATULA%20BASE%20DE%20DATOS.pdf>"
REF220;Data base ;Louisiana State University Museum of Natural Science, Mammal specimens. Accessed through GBIF data portal <http://data.gbif.org/datasets/resource/559, 2012-12-04>
REF221;Article;"Lyra-Neves, R. M.; Oliveira, M. A. B.; Telino-Júnior, W. R.; and Santos, E. M. 2007. Comportamentos interespecíficos entre Callithrix jacchus (Linnaeus) (Primates, Callitrichidae) e algumas aves de Mata Atlântica, Pernambuco, Brazil. Revista Brazileira de Zoologia, 24:709-716."
REF222;Article;"Magioli, M.; Ferraz, K. M. P. M. B.; Setz, E. Z. F.; Percequillo, A. R.; Rondon, M. V. S. S.; Kuhnen, V. V.; Canhoto, M. C. S.; Santos, K. E. A.; Kanda, C. K.; Fregonezi, G. L.; Prado, H. A.; Ferreira, M. K.; Ribeiro, M. C.; Villela, P. M. S.; Coutinho,  L. L.; and Rodrigues, M. G. 2016. Connectivity maintains mammal assemblages functional diversity within agricultural and fragmented landscapes. European Journal of Wildlife Research, 62:431-446."
REF223;Thesis;Malukiewicz, J. 2013. Hybridization and Speciation in Common and Black-Tufted Marmosets (Callithrix jacchus and C. penicillata). Arizona State University. 
REF224;Article;"Mares, M. A.; Willig, M. R.; Streilein,K. E.; and Lacher Jr., T. E. 1981. The mammals of Northeastern Brazil: a preliminary assessment. Annals of the Carnegie Museum 50 (4):81-137."
REF225;Article;"Marques, R. V.; Cademartori, C. V.; and Pacheco, S. M. 2011. Mastofauna no planalto das Araucarias, Rio Grande do Sul, Brazil. Revista Brazileira de Biociencias, 9 (3):278-288."
REF226;Article;"Martin-Albarracin, V. L.; Nuñez, M. A.; and Amico, G. C. 2015. Replacement of native by non-native animal communities assisted by human introduction and management on Isla Victoria, Nahuel Huapi National Park. PeerJ, 3:e1328."
REF227;Data base ;Martinez Gallardo, R. 2011. Inventario de los mamiferos pequenos y medianos de las zonas aridas y semiaridas de Baja California. Universidad Autonoma de Baja California. Facultad de Ciencias. Bases de datos SNIB-CONABIO, proyecto No. GT026. Mexico, D.F. Accessed through GBIF data portal <http://www.conabio.gob.mx/institucion/proyectos/resultados/GT026_CARATULA_BASE_DE_DATOS.pdf>
REF228;Article;"Martínez, H. S.; Porras, A. I.; Vilches, A. M.; Bonzo, E.; Menéndez, N. A.; and Risso, M. A. 2003. Estimación de parámetros reproductivos de la liebre europea (Lepus europaeus Pallas, 1778) en la provincia de Buenos Aires, Argentina. Analecta veterinaria, 23 (1):20-29."
REF229;Article;"Mazza, I.; Rosa, C. A.; Souza, A.; and Aximoff, I. 2018. Mamíferos de médio e grande porte registrados em florestas dominadas por Araucaria angustifolia na RPPN Alto-Montana, Serra da Mantiqueira. Oecologia Australis, 22 (1):74-88."
REF230;Thesis;Mella-Mendez, I. 2015. Impacto de perros y gatos sobre la comunidad de mamiferos medianos en Areas Naturales Protegidas Urbanas de Xalapa, Veracruz, Mexico. Universidad Veracruzana.
REF231;Article;"Melo, M. A.; Moreno, D. J.; Ribeiro, B. C.; Andrade, P. G. B.; Magalhaes, A. F. A.; Carvalho, M. A. S.; and Piratelli, A. J. 2018. Opportunistic predation on birds trapped in mist nets in two areas in the Atlantic Forest of southeastern Brazil. Studies on neotropical fauna and environment, 53:1-5."
REF232;Article;"Mendes Pontes, A. R.; Beltrao, A. C. M.; Normande, I. C.; Malta, A. J. R.; Silva Junior, A. P.; and Santos, A. M. M. 2016. Mass Extinction and the Disappearance of Unknown Mammal Species: Scenario and Perspectives of a Biodiversity Hotspots Hotspot. PLoS ONE, 11 (5): e0150887. "
REF233;Article;"Mendes, C. L. S.; and Melo, F. R. 2007. Situação atual do sagui-da-serra (Callithix flaviceps) em fragmentos florestais da Zona da Mata de Minas Gerais. Aprimatologia no Brazil, 10:163-180."
REF234;Article;"Merino, M. L.; and Carpinetti, B. N. 2003. Feral pigs Sus scrofa estimates in Bahia Samborombon Conservation Area, Buenos Aires province, Argentina. Mastozoologia Neotropical, 10 (2):269-275."
REF235;Data base ;Michigan State University Museum, Vertebrate specimens. Accessed through GBIF data portal <http://data.gbif.org/datasets/resource/541, 2012-12-04>
REF236;Data base ;Miranda, A. 1997. Deforestacion y fragmentacion del habitat: consecuencias ecologicas sobre la fauna de mamiferos de la selva tropical estacional. Universidad Nacional Autonoma de Mexico. Instituto de Ecologia. Bases de datos SNIB-CONABIO proyecto No. B033. Mexico, D.F. Accessed through GBIF data portal <http://www.conabio.gob.mx/institucion/proyectos/resultados/B033_CARATULA%20BASE%20DE%20DATOS.pdf>
REF237;Web site;Moore Laboratory of Zoology (MLZ). Accessed in <https://www.oxy.edu/moore-lab-zoology>
REF238;Article;"Moraes, A. M.; and Melo, F. R. 2011. Distribuição geográfica de Callithrix aurita e Callithrix flaviceps e avaliação espacial de sua zona de intergradação nos municípios de Espera Feliz, Caiana e Caparaó, MG. A Primatologia no Brazil, 11:231-255."
REF239;Article;"Moraes, M. F. D.; Silva, M. X.; Magalhaes-Matos, P. C.; Albuquerque, A. C. A.; Tebaldi, J. H.; Mathias, L. A.; and Lux Hoppe, E. G. Filarial nematodes with zoonotic potential in ring-tailed coatis (Nasua nasua Linnaeus, 1766, Carnivora: Procyonidae) and domestic dogs from Iguacu National Park, Brazil. Veterinary Parasitology: Regional Studies and Reports, 8:2017-2019."
REF240;Thesis;Morais, T. A. 2017 Uso de habitat e padrao de atividade do javali em areas do dominio Atlantico. Universidade Federal de Sao Joao del Rei.
REF241;Article;"Morales, J.; Alva-Valdivia, L. M.; Goguitchaichvili, A;. and Urrutia-Fucugauchi, J. 2006. Cooling rate corrected paleointensities from the Xitle lava flow: Evaluation of within-site scatter for single spot-reading cooling units. Earth Planets and Space, 58:341-347."
REF242;Article;Moura, A. C. D. A. 2007. Primate group size and abundance in the Caatinga dry forest, Northeastern Brazil. International Journal of Primatology, 28 (6):1279-1297.
REF243;Article;"Mourao, G.; Coutinho, M. E.; Mauro, R. A.; Tomas, W.; and Magnusson, W. 2002. Levantamentos aereos de espécies introduzidas no Pantanal: porcos ferais (porco monteiro), gado bovino e bufalos. Embrapa Pantanal, 28:1-22."
REF244;Article;"Mourthé, I. M. C.; Guedes, D.; Fidelis, J.; Boubli, J. P.; Mendes, S. L.; and Strier, K. B. 2007. Ground use by northern muriquis (Brachyteles hypoxanthus) American Journal Primatology, 69:706–712."
REF245;Data base ;MSU Mammalogy, Ornithology and Vertebrate Paleontology Collections. Accessed through GBIF data portal <https://www.gbif.org/dataset/22a66350-7947-4a49-84a3-39c7c1b0881f>
REF246;Data base ;Museum of Texas Tech University -TTU-, Mammal specimens. Accessed through GBIF data portal <http://data.gbif.org/datasets/resource/582, 2012-12-04>
REF247;Data base ;Museum of Vertebrate Zoology -MVZ-, University of California, Berkeley. Accessed through GBIF data portal <https://cfo.berkeley.edu/museum-vertebrate-zoology-evolutionary-genetics-lab-recharge-rates>
REF248;Data base ;Natural History Museum of Los Angeles County, LACM Vertebrate Collection. Accessed through GBIF data portal, http://data.gbif.org/datasets/resource/14305, 2012-12-04
REF249;Technical document;Neri, F. M. 2006. Levantamento de medios e grandes mamiferos. Plano de Manejo do Parque Estadual de Vassununga - SP. 
REF250;Article;Novaro, A. J., A. F. Capurro, A. Travaini, M. C. Funes, and J. E. Rabinovich. 1992. Pellet-count sampling based on spatial distribution: a case study of the European hare in Patagonia. Ecología Austral 2:11-18.
REF251;Article;Novaro, A. J., Funes, M. C., and R. S. Walker. 2000. Ecological extinction of native prey of a carnivore assemblage in Argentine Patagonia. Biological Conservation, 92:25-33.
REF252;Article;"Novaro, A. J.; Capurro, A. F.; Travaini, A.; Funes, M. C.; and Rabinovich, J. E. 1992. Pellet-count sampling based on spatial distribution: a case study of the European hare in Patagonia. Ecología Austral, 2:11-18."
REF253;Article;"Novillo, A.; and Ojeda, R. A. 2008. The exotic mammals of Argentina. Biological Invasions, 10 (8):1333-1344."
REF254;Thesis;Nunes, A. M. 2006. Ecologia cognitiva e forrageio social em hibridos de Callithrix penicillata X Callithrix jacchus (Primates: Cebidae: Callitrichinae) introduzidos na Ilha de Santa Catarina. Pontificia Universidade Catolica do Rio Grande do Sul. 
REF255;Article;"Nunes, A. V.; Scoss, L. M.; Prado, M. R.; and Lessa, G. 2013. Survey of large and medium-sized terrestrial mammals in the Serra do Brigadeiro State Park, Minas Gerais, Brazil. CheckList, 9 (2):240-245."
REF256;Technical document;"Nunez, M.; and Quintero, C. 2002. ¿Qué hacer con las especies exóticas invasoras? Problemática y técnicas de manejo (algunos ejemplos de especies exóticas en la Patagonia argentina). Bariloche: Cuadernos Universitarios, Centro Regional Universitario Bariloche, Universidad Nacional del Comahue."
REF257;Article;"Nunez-Regueiro, M. M. L.; Branch, R. J.; Fletcher Jr., G. A.; Maras, E. D.; and Talamo, A. 2015. Spatial patterns of mammal occurrence in forest strips surrounded by agricultural crops of the Chaco region, Argentina. Biological Conservation, 187 :19-26."
REF258;Article;"Oliveira, I. S.; Ribeiro, V. M.; Pereira, E. R.; and Vitule, J. R. S. 2016. Predation on native anurans by invasive vertebrates in the Atlantic Rain Forest, Brazil. Oecologia Australis, 20 (3):391-395."
REF259;Article;"Oliveira, L. C.; and Grelle, C. E. V. 2012. Introduced primate species of an Atlantic Forest region in Brazil: present and future implications for the native fauna. Tropical Conservation Science, 5 (1):112-120."
REF260;Article;"Oliveira-Silva, L. R. B.; Campêlo, A. C.; Lima, I. M. S.; Araújo, A. C. L.; Bezerra, B. M.; and Souza-Alves, J. P. 2018. Can a Non-Native Primate Be a Potential Seed Disperser? A Case Study on Saimiri sciureus in Pernambuco State, Brazil. Folia Primatologica, 89 (2):138-149."
REF261;Article;"Oliveira-Silva,L. R. B.; Campêlo, A. C.; Lima, I. M. S.; Araújo, A. C. L.; Bezerra, B. M.; and Souza-Alves. 2018. Can a Non-Native Primate Be a Potential Seed Disperser? A Case Study on Saimiri sciureus in Pernambuco State, Brazil. Folia Primatologica, 89 (2):138-149."
REF262;Article;"Pacheco, L. F.; Lucero, A.; and Villca, M. 2004. Dieta del puma (Puma concolor) en el Parque Nacional Sajama, Bolivia y su conflicto con la ganadería. Ecología en Bolivia, 39 (1):75-83."
REF263;Thesis;Pagoto, A. 2016. Ocorrência de Callithrix aurita (Primates, Callitrichidae) e as representações sociais de moradores: contribuições as políticas públicas. Universidade de Mogi das Cruzes.
REF264;Article;"Palmeira, F. B. L.; Crawshaw Jr., P. G.; Haddad, C. M.; Ferraz, K. M. P. M. B.; and Verdade, L. M. 2008. Cattle depredation by puma (Puma concolor) and jaguar (Panthera onca) in Central-Western Brazil. Biological Conservation 141:118-125."
REF265;Article;"Palmeira, F. B. L.; Trinca, C. T.; and Haddad, C. M. 2015. Livestock predation by puma (Puma concolor) in the highlands of a southeastern Brazilian Atlantic forest. Environmental Management, 56:903-915."
REF266;Article;"Pasian, C.; Di Blanco, Y. E.; Fontana, J. L.; and Farina, N. 2015. Composicion de mamiferos medianos y grandes de la Reserva Natural Provincial Rincon de Santa Maria (Corrientes, Argentina): comparacion con su zona de amortiguamiento y estado de conservacion. Mastozoologia Neotropical, 22 (1):187-194."
REF267;Article;Passamani, M. and Rylands, A. 2000. Feeding Behavior of Geoffroy's Marmoset (Callithrix geoffroyi) in an Atlantic Forest Fragment of South-eastern Brazil . Primates, 41 (1):27-38.
REF268;Article;"Passamani, M.; and Fernandez, F. 2011. Abundance and richness of small mammals in fragmented Atlantic Forest of southeastern Brazil. Journal of Natural History,   45:553-565."
REF269;Article;Pautasso, A. 2008. Mamiferos de la provincia de Santa Fe, Argentina. Comunicaciones del Museo Provincial de Ciencias Naturales Florentino Ameghino, 13 (2):1-248.
REF270;Congress abstract;"Pedo, E.; Tomazzoni, A. C.; and Hartz, S. M. 2002. Levantamento das espécies de mamíferos (Mammalia) da Reserva Biológica do Lami, Porto Alegre, RS. In: XXIV Congresso Brasileiro de Zoologia."
REF271;Article;"Penter, C.; Pedo, E.; Fabian, M. E.; and Hartz, S. M. 2008. Inventário rápido da fauna de mamíferos do Morro Santana, Porto Alegre, RS. Revista Brazileira de Biociencias, 6 (1):117-125."
REF272;Article;Pessoa, F. S. 2009. Non-volant mammals, Reserva Particular do Patrimonio Natural -RPPN- Rio das Pedras, municipality of Mangaratiba, state of Rio de Janeiro, Brazil. Check List, 5 (3):577-586.
REF273;Article;"Peters, F. B.; Roh, P. R. O.; Jeronimo, A. A.; Pereira, M. S.; Poerschke, F.; Machado, L. F.; and Christoff, A.U. 2009. Predacao de Lepus europaeus (Lagomorpha: Leporidae) por Bubo virginianus (Strigiformes: Strigidae) no sul do Brazil. Biodiversidade Pampeana, 7 (1):31-34."
REF274;Article;"Peters, F. B.; Roth, P. R. O.; and Christoff, A. U. 2013. Primeiro registro documentado de Holochilus Braziliensis (Desmarest, 1819) e Calomys laucha (G. Fischer, 1814) no estado de Santa Catarina, sul do Brazil. Biotemas, 26 (3):177-184."
REF275;Article;"Pia, M. V.; López, M. S.; and Novaro, A. J. 2003. Effects of livestock on the feeding ecology of endemic culpeo foxes (Pseudalopex culpaeus smithersi) in central Argentina Efectos del ganado sobre la ecología trófica del zorro culpeo (Pseudalopex culpaeus smithersi)(Carnivora&58; Canidae) endémico del centro de Argentina. Revista Chilena de Historia Natural, 76(2):313-321."
REF276;Article;"Piazza, M. V.; Garibaldib, L. A.; Kitzbergerc, T.; and Chanetona, E. J. 2016. Impact of introduced herbivores on understory vegetation along a regional moisture gradient in Patagonian beech forests. Forest Ecology and Management, 366:11-22.
"
REF277;Article;"Pinto, L.C.; and Duarte, M.M. 2013. Occurrence (new record) of maned wolf Chrysocyon brachyurus (Illiger, 1815) (Carnivora, Canidae) in Southern Brazil. Ciencia Florestal, 23 (1):253-259."
REF278;Article;"Pontes, A. R. M.; and Monteiro da Cruz, M. A. O. 1995. Home range, intergroup transfers, and reproductive status of common marmosets Callithrix jacchus in a forest fragment in North-Eastern Brazil. Primates, 36:335-347."
REF279;Article;"Pontes, A. R. M.; Normande, I. C; Fernandes, A. C. A.; Ribeiro, P. F. R.; and Soares, M. L. 2007. Fragmentation causes rarity in common marmosets in the Atlantic forest of northeastern Brazil. Biodiversity and Conservation, 16:1175 -1182."
REF280;Data base ;Pozo de la Tijera, M. del C. 1998. Elaboracion del banco de datos de las colecciones del Museo de Zoologia-CIQRO. El Colegio de la Frontera Sur. Unidad Chetumal. Bases de datos SNIB-CONABIO proyecto No. P028. Mexico, D.F. Accessed through GBIF data portal <http://www.conabio.gob.mx/institucion/cgi-bin/datos.cgi?Letras=P&Numero=28>
REF281;Article;"Profico, A.; Piras, P.; Buzi, C.; Vincenzo, F. D.; Lattarini, F.; Melchionna, M.; Veneziano, A.; Raia, P.; and Manzi, G. 2017. The evolution of cranial base and face in Cercopithecoidea and Hominoidea: Modularity and morphological integration. American Journal of Primatology, 79:1-12."
REF282;Web site;Programa de Conservación  de la Biodiversidad y Desarrollo Sustentable  en los Humedales del Este - PROBIDES. Accessed in<https://www.probides.org.uy/>
REF283;Article;"Puig, S.; Videla, F.; Cona, M. I.; and Monge, S. A. 2007. Diet of the brown hare (Lepus europaeus) and food availability in northern Patagonia (Mendoza, Argentina). Mammalian Biology, 72 (4):240-250."
REF284;Technical document;"Purquerio, L. F. V.;Gallo, P. B.; Branco, R. B. F.; Regitano Neto, A.; Reco, P. C.; and Ambrosano, E. J. Relatos de ocorrÊncia de animais silvestres e de danos causados em culturas de interesse comercial no Estado de São Paulo. In: Wutke, E. B.; Tivelli, S. W.; Azevedo Filho, J. A.; et al. Campinas: Instituto Agronomico, 2012. 37 . (Documentos IAC, 110)"
REF285;Article;"Quintela, F. M.; Santos, M. B.; Oliveira, S. V.; Costa, R. C.; and Christoff, A. U. 2010. Javalis e porcos ferais (Suidae, Sus scrofa) na Restinga de Rio Grande, RS, Brazil: ecossistemas de ocorrência e dados preliminares sobre impactos ambientais. Neotropical Biology and Conservation, 5 (3):172-178"
REF286;Thesis;Quitral, C. A. V. 2006. Formulación y evaluación de un producto cárnico tipo pastrami con carne de liebre (Lepus europaeus Pallas 1778). Thesis. Universidad de Chile, Santiago, Chile.
REF287;Article;"Raboy, B. E.; Canale, G. R.; and Dietz, J.M. 2008. Ecology of Callithrix kuhlii and a review of eastern Brazilian marmosets. International Journal of Primatology, 29:449-467."
REF288;Data base ;Ramirez Pulido, J. 1999. Biodiversidad mastozoologica del Eje Volcanico Transversal. Universidad Autonoma Metropolitana-Unidad Iztapalapa. Bases de datos SNIB-CONABIO proyecto No. J121. Mexico, DF. Accessed through GBIF data portal <http://www.conabio.gob.mx/institucion/proyectos/resultados/J121_CARATULA%20BASE%20DE%20DATOS.pdf>
REF289;Thesis;Ramos, Y. 2016. Avaliação da ocorrência de javalis (Sus scrofa) e capivaras (Hydrochoerus hydrochaeris) no Parque Nacional de Itatiaia: comparacao entre uma especie exotica e uma especie nativa. Universidade Estadual do Norte Fluminense. 
REF290;Article;"Rau, J. R.; Tillería, M. S.; Martinez, D. R.; and Muñoz-Pedreros, A. 1991. Dieta de Felis concolor (Carnivora: Felidae) en áreas silvestres protegidas del sur de Chile. Revista Chilena de Historia Natural, 64:139-144."
REF291;Thesis;Ribas, C. D. 2015. O papel das Areas de Protecão Permanente e da Reserva Legal na conservação de mamíferos de médio e grande porte e como abrigo do javali em duas areas de agroecossistemas no estado de Mato Grosso do Sul. 2015. Universidade Federal de Mato Grosso do Sul.
REF292;Article;Risso, M. A., H. S. Martínez, A. I. Porras, A. M. Vilches, E. B. Bonzo, and N. A. Menéndez. 2003. Estimación de parámetros reproductivos de la liebre europea (Lepus europaeus Pallas, 1778) en la provincia de Buenos Aires, Argentina. Analecta Veterinaria 23:20-29.
REF293;Thesis;Rocha, A. 2013. Sensibilidade ambiental fluvial a derrames de óleo e biocombustível: vulnerabilidade e impactos à mastofauna. Universidade Estadual Paulista.
REF294;Thesis;Rocha, A. 2017. Disponibilidade de recursos e antropizacao estruturando a assembleia de primatas na floresta de igapo.Instituto Nacional de Pesquisas Ambientais.
REF295;Congress abstract;"Rocha, A.; and Carvalho, S. 2011. Comportamento alimentar de Callithrix penicillata em fragmento urbano no municipio de Campinas/SP: implicações etológicas. In: X Congresso de Ecologia do Brazil, Sao Lourenço, Minas Gerais."
REF296;Article;"Rocha, A.; Borges, S. H.; Ovalle, J. M. R.; and Barnett, A. A. 2017.Collared Forest-Falcon (Micrastur semitorquatus) preying on a squirrel in a fragment of Atlantic Forest with a revision of the predation events for the species. Revista Brazileira de Ornitologia, 25 (4):244-249."
REF297;Congress abstract;"Rocha, A.; Homem, D. H.; Lima, E. F. 2013. Monitoramento de mamíferos de médio e grande porte em fragmento de Mata Atlântica de interior em restauração. V Simpósio de Restauracao Ecológica - São Paulo."
REF298;Article;"Rocha, P. A.; Cunha, M.A.; Silva, C. S.; Ruiz-Esparza, J.; Beltrao-Mendes, R.; and Ferrari, S. F. 2017. Non-Volant mammals of a remnant of the Atlantic Forest in northeastern Brazil. Neotropical Biology and Conservation, 12 (3):191-199."
REF299;Congress abstract;"Rodrigues de Souza, L. R. S.; and Silva, A. C. C. 2012. Caracterização ambiental da Reserva de Desenvolvimento Sustentável Estadual da Ponta do Tubarão e verificação da relação da pesca da sardinha-laje com a precipitação no distrito de Diogo Lopes, Macau/RN. In: XVII Encontro Nacional de Geógrafos."
REF300;Article;"Rodríguez-Calderón, Y. G.; Contreras-Moreno, F. M.; Segura-Berttolini, E. C.; Bautista-Ramírez, P.; and Jesús-Espinosa, D. 2018. Análisis del conflicto entre la fauna silvestre y productores rurales en dos comunidades de Balancán, Tabasco, México. Agroproductividad, 11 (6):51-59."
REF301;Web site;Ronda municipal de Uruguaiana captura veado campeiro. 2018. Acesso em: <http://www.correiodopovo.com.br/Noticias/Cidades/2018/03/645937/Ronda-municipal-de-Uruguaiana-captura-veado-campeiro>
REF302;Thesis;Rosa, A. O. 2002. Comparação da diversidade de mamíferos não-voadores em áreas de floresta de restinga e áreas reflorestadas com Pinus elliottii no sul do Brazil. Universidade do Vale do Rio dos Sinos.
REF303;Article;"Rosa, C. A.; and Souza, A. C. 2017. Large and medium-sized mammals of Nova Baden State Park, Minas Gerais, Brazil. Check List, 13 (3):1-6."
REF304;Data base ;Royal Ontario Museum, Mammal specimens. Accessed through GBIF data portal <http://data.gbif.org/datasets/resource/657, 2012-12-04>
REF305;Data base ;Royal Ontario Museum: Mammalogy Collection - Royal Ontario Museum. Accessed through GBIF data portal <http://grbio.org/cool/pawq-rs8t>
REF306;Web site;Ruedi M. Mammals housed at MHNG, Geneva. Museum dhistoire naturelle de la Ville de Geneve. Accessed in <http://www.ville-geneve.ch/plan-ville/musees/museum-histoire-naturelle/>
REF307;Technical document;Ruiz, E. G. 2004. Industria frigorífica exportadora de liebres. Informe. Cámara Argentina de Productores y Procesadores del Productos de la Fauna Silvestre y sus Derivados, Buenos Aires, Argentina.
REF308;Technical document;Ruiz, E. G. 2004.Informe 2004. Cámara Argentina de Productores y Procesadores del Productos de la Fauna Silvestre y sus Derivados. 
REF309;Article;"Ruiz-Miranda, C. R.; Affonso, A. G.; Martins, A.; and Beck, B. 2000. Distribuicao do sagui (Callithrix jacchus) nas areas de ocorrência do mico-leão-dourado (Leontopithecus rosalia) no estado do Rio de Janeiro. Neotropical Primates,3: 98-101."
REF310;Article;"Sales, L. P.; Hayward, M. W.; and Passamani, M. 2016. Local vs landscape drivers of primate occupancy in a Brazilian fragmented region. Acta Theriologica, 61:73-82."
REF311;Thesis;Salvador, C. H. 2012. Ecologia e manejo de javali (Sus scrofa L.) na America do Sul. Universidade Federal do Rio de Janeiro.
REF312;Congress abstract;"Salvador, C. H.; and A. Filippini. 2008. Ocorrência atual de mamíferos em ilhas costeiras de Santa Catarina, sul do Brazil. In: IV Congresso Brazileiro de Mastozoologia. "
REF313;Data base ;"Salvador, C. H.; and Tortato, M. Projetc Plano de Acao Emergencial para Controle de Javalis -Sus scrofa- Invasores Parque Estadual Fritz Plaumann. Caipora Cooperativa. Florianopolis. (Unpublished data)"
REF314;Data base ;Sam Noble Oklahoma Museum of Natural History, Mammals Specimens. Accessed through GBIF data portal <http://data.gbif.org/datasets/resource/631, 2012-12-04>
REF315;Article;"Sancha, N. U.; Mantilla-Meluk, H.; Ramirez, F.; Perez, P.; Mujica, N.; Troche, A.; and Gimenez, M. 2009. Mammalia, Lagomorpha, Leporidae, Lepus europaeus, Pallas, 1778: distribution extension, first confirmed record for Paraguay. Check List, 5(3):428-432."
REF316;Article;"Sanguinetti, J.; Buria, L.; Malmierca, L.; and Valenzuela, A. E. J. 2014. Manejo de especies exóticas invasoras en Patagonia, Argentina: Priorización, logros y desafíos de integración entre ciencia y gestión identificados desde la Administración de Parques Nacionales. Ecologia Austral, 24:183-192."
REF317;Data base ;Santa Barbara Museum of Natural History, Santa Barbara Musem of Natural History. Accessed through GBIF data portal <http://data.gbif.org/datasets/resource/646, 2012-12-04>
REF318;Article;"Santos, C. L. A.; Silva, A. P.; Santos, S. B.; Pardini, R.; and Cassano, C. R., 2017. Dog invasion in agroforests: The importance of households, roads and dog population size in the surroundings. Perspectives in Ecology and Conservation, 15:221-226."
REF319;Article;"Santos, T. G.; Spies, M. R.; Kopp, K.; Trevisan, R.; and Cechin, S. Z. 2008. Mamíferos do campus da Universidade Federal de Santa Maria, Rio Grande do Sul, Brazil. Biota Neotropica, 8:125-131."
REF320;Article;"Saranholi, B. H.; Bergel, M. M.; Ruffino, P. H. P.; Rodriguez-C, K. G.; Ramazzotto, L. A.; Freitas, P. D.; and Galetti Jr., P. M. 2016. Roadkill hotspots in a protected area of Cerrado in Brazil: planning actions to conservation.Revista MVZ Cordoba, 21 (2):5441-5448."
REF321;Article;"Sarmento, R.; Brito, D.;Ladle, R. J.; Leal, G. R.; and Efe, M. A. 2014. Invasive house (Rattus rattus) and brown rats (Rattus norvegicus) threaten the viability of red-billed tropicbird (Phaethon aethereus) in Abrolhos National Park, Brazil. Tropical Conservation Science 7:614-627."
REF322;Article;"Sauthier, D. E. U.; Abba, A. M.; Bender, J. B.; and Simon, P. M. 2008. Mamiferos del arroyo Perucho Verna, Entre Rios, Argentina. Mastozoologia Neotropical, 15 (1):75-84."
REF323;Web site;"Schlee, J. M.; and Schlee, J. C. P. Florestas Pampeanas (Ecologia Florestal) Cervidae. Disponível em: <http://florestaspampeanas.blogspot.com.br/2015/03/florestas-pampeanas-bioma-pampa.html>"
REF324;Book;"Schneider, M.; and Oliveira, L. F. B. 2006. Cervideos do genero Mazama (Mammalia, Artiodactyla) na Estação Ecológica de Aracuri, RS: densidade, dieta e padrões de uso dos habitats. In: Freitas,T.R.O., Vieira E., Pacheco S. & Christoff A.U. (orgs.). Mamiferos do Brazil: genética, sistemática, ecologia e conservação. SBMz."
REF325;Technical document;SECRETARIA DO AMBIENTE E DESENVOLVIMENTO SUSTENTAVEL. 2005. Plano de manejo do Parque Estadual do Turvo. In <http://www.sema.rs.gov.br/parque-estadual-do-turvo>
REF326;Technical document;SECRETARIA DO AMBIENTE E DESENVOLVIMENTO SUSTENTAVEL. 2006. Plano de manejo do Parque Estadual do Turvo. In <http://www.sema.rs.gov.br/itapeva>
REF327;Technical document;SECRETARIA DO AMBIENTE E DESENVOLVIMENTO SUSTENTAVEL. 2007. Plano de manejo da Estação Ecológica Estadual de Aratinga. In <http://www.sema.rs.gov.br/estacao-ecologica-estadual-aratinga>
REF328;Technical document;SECRETARIA DO AMBIENTE E DESENVOLVIMENTO SUSTENTAVEL. 2008. Plano de manejo da Reserva Biológica da Serra Geral. In <http://www.sema.rs.gov.br/reserva-biologica-da-serra-geral>
REF329;Technical document;SECRETARIA DO AMBIENTE E DESENVOLVIMENTO SUSTENTAVEL. 2008. Plano de manejo do Parque Estadual de Tainhas. In <http://www.sema.rs.gov.br/parque-estadual-do-tainhas>
REF330;Data base ;Servin Martinez, J. I. 1998. Los mamiferos del estado de Durango, Mexico. Instituto de Ecologia A.C. Centro Regional-Durango. Bases de datos SNIB-CONABIO proyecto No. P064. Mexico, D.F. Accessed through GBIF data portal https://www.gbif.org/dataset/80342ed0-f762-11e1-a439-00145eb45e9a
REF331;Article;"Shimada, M.; and Sueur, C. 2017. Social play among juvenile wild Japanese macaques (Macaca fuscata) strengthens their social bonds.American Journal of Primatology, 80:1- 12.

"
REF332;Article;"Siciliano, S.; Emin-Lima, R.; Costa, A.; Sousa, J. E.; and Junior, S. 2015. Large- and Medium-Sized Land Mammals of Northeast Marajó Island, Lower Amazon, Brazil. Natural Resources, 6:37-47."
REF333;Article;"Silva, J. E.; and  Azevedo, C. 2012. Rattus rattus (Mammalia: Rodentia) predation by Ramphastos vitellinus (Aves: Ramphastidae) in Santa Teresa Municipality, Espírito Santo, Brazil. Revista Brazileira de Ornitologia, 20 (2):156-157."
REF334;Article;Silva, J. N., and C. S. Azevedo. 2012. Rattus rattus (Mammalia: Rodentia) predation by Ramphastos vitellinus (Aves: Ramphastidae) in Santa Teresa Municipality, Espírito Santo, Brazil. Revista Brasileira de Ornitologia 20:156-157.
REF335;Article;"Silva, V. X.; Sacramento, M.; Hasui, E.; Cunha, R. G. T.; and Ramos, F. N. 2016. Taxonomic groups with lower movement capacity may present higher beta diversity. Iheringia, Serie Zoologia, 107:e2017005."
REF336;Article;"Simberloff, D.; Relva, M. A.; and Nuñez, N. 2002. Gringos en el bosque: introduced tree invasion in a native Nothofagus/Austrocedrus forest. Biological Invasions, 4:35-53."
REF337;Article;"Simo, M.; Perez-Miles F., Ponce de Leon, R.; Achaval, F.; and Meneghel, M. 1994. Relevamiento de fauna de la Quebrada de los Cuervos; area natural protegida -Dpto. Treinta y Tres (Uruguay). Boletin de la Sociedad Zoologica del Uruguay, 2:1-20"
REF338;Data base ;"Sosa Fernandez, V.; Hernandez A.; and Bello, J. 1998. Inventario de los mamiferos de las reservas de la biosfera Mapimi, La Michilia, El Cielo y Calakmul. Instituto de Ecologia A.C. Bases de datos SNIB-CONABIO proyecto No. P027. Mexico, D.F. Accessed through GBIF data portal <http://www.conabio.gob.mx/institucion/cgi-bin/datos2.cgi?Letras=P&Numero=27>
"
REF339;Article;"Sousa, M. B. C.; Albuquerque, A. C. S. D. R.; Albuquerque, F. D. S.; Araujo, A.; Yamamoto, M. E.; and Arruda, M. D. F. 2005. Behavioral strategies and hormonal profiles of dominant and subordinate common marmoset (Callithrix jacchus) females in wild monogamous groups. American Journal of Primatology, 67 (1):37-50."
REF340;Article;"Souto, A.; Bezerra, B. M.; Schiel, N.; and Huber, L. 2007. Saltatory search in free-living Callithrix jacchus: environmental and age influences. International Journal of Primatology, 28:881-893."
REF341;Article;"Spence, A.; Kimball, B. A.; Williams, L. E.; and Fernandez?Duque, E. 2018. Chemical composition of glandular secretions from a pair?living monogamous primate: Sex, age, and gland differences in captive and wild owl monkeys (Aotus spp.). American Journal of Primatology, 80:1-13.
"
REF342;Short comunication;"Sponchiado, J.; Melo, G. M.; and Caceres, N. C. 2011. First record of the invasive alien species Axis axis (Erxleben, 1777) (Artiodactyla: Cervidae) in Brazil. Biota Neotropica, 11 (3):403-406. "
REF343;Article;"Srbek-Araujo, A. C.; and Chiarello, A. G. 2008. Domestic dogs in Atlantic Forest preserves of south-eastern Brazil: A camera-trapping study on patterns of entrance and site occupancy rates. Brazilian Journal of Biology, 68 (4):631-637."
REF344;Data base ;Sternberg Museum of Natural History, Mammal Collection. Accessed through GBIF data portal <http://data.gbif.org/datasets/resource/742, 2012-12-04>
REF345;Article;"Tavares, D. C.; Guadagnin, D. L.; Moura, J. F.; Siciliano, S.; and Merico, A. 2015. Environmental and anthropogenic factors structuring waterbird habitats of tropical coastal lagoons: Implications for management. Biological Conservation, 186:12-21. "
REF346;Article;"Teixeira, M. B.; Koenemann, J. G.; Avila, M.; Kerber, L.; and Dornelles, R. C. 2008. Levantamento da mastofauna não-voadora na mata ciliar do arroio Touro Passo, celula Touro Passo, Uruguaiana, Rio Grande do Sul (dados preliminares). Caderno de Pesquisa, série Biologia (UNISC), 20:48-62."
REF347;Article;Thomas, O. 1910. LVI. On mammals collected in Ceara, NE Brazil, by Fraulein Dr. Snethlage. Journal of Natural History, 6 (35):500-503.
REF348;Article;Tiepolo, L. 2004. Conservação do cervo-do-pantanal Blastocerus dichotomus no Parque Nacional de Ilha Grande e entorno (PR/ MS). Natureza e Conservação, 2:56-66.
REF349;Article;"Tortato, F. R.; Testoni, A. F.; and Althoff, S. G. 2014. Mastofauna terrestre da Reserva Biologica Estadual do Sassafrás, Doutor Pedrinho, Santa Catarina, Sul do Brazil. Biotemas, 27 (3):123-129. "
REF350;Article;"Travaini, A.; Delibes, M.; and Ceballos, O. 1998. Summer foods of the Andean hog-nosed skunk (Conepatus chinga) in Patagonia. Journal of Zoology, 246 (4):443-486."
REF351;Thesis;Trovati, R. G. 2009. Mamíferos escavadores (Dasypodidae e Echimyidae) do cerrado da região de Itirapina e seu papel em comunidades de vertebrados terrestres. Universidade de São Paulo.
REF352;Article;"Trovati, R. G.; and Munerato, M. S. 2013. Occurrence of Sus scrofa Linnaeus, 1758 (Mammalia: Artiodactyla) at Estacao Ecologica de Itirapina, Sao Paulo state, Brazil. Check List, 9:136-138."
REF353;Web site;TTU Mammals Collection. Accessed in <https://www.gbif.org/dataset/854f70cc-55e3-4af2-9417-0f47d6c7902d>
REF354;Web site;UCLA (Dickey Collection -UCLA-Dickey), Bird and Mammal specimens. Accessed in <http://data.gbif.org/datasets/resource/1846, 2012-12-04>
REF355;Web site;UMMZ Mammal Collection. Accessed in <https://lsa.umich.edu/ummz/mammals/collections.html>
REF356;Web site;UNIBIO, IBUNAM, CNMA/Coleccion de Mamiferos de la Estacion de Biologia Chamela. Accessed through GBIF data portal <http://data.gbif.org/datasets/resource/8396, 2012-12-04>
REF357;Web site;UNIBIO, IBUNAM, CNMA/Coleccion Nacional de mamiferos. Accessed through GBIF data portal <http://data.gbif.org/datasets/resource/776, 2012-12-04>
REF358;Web site;University of Kansas Biodiversity Institute, KUBI Mammalogy Collection. Accessed through GBIF data portal <http://data.gbif.org/datasets/resource/14480, 2012-12-04>
REF359;Web site;University of Michigan Museum of Zoology, Mammal specimens.Accessed through GBIF data portal <http://data.gbif.org/datasets/resource/801, 2012-12-04>
REF360;Web site;University of Minnesota Bell Museum of Natural History, Mammal specimens. Accessed through GBIF data portal <http://data.gbif.org/datasets/resource/986, 2012-12-04>
REF361;web site;University of Washington Burke Museum, Mammal Specimens. Accessed in <http://data.gbif.org/datasets/resource/124, 2012-12-04>
REF362;Article;"Valenzuela, A. E. J.; Anderson, C. B.; Fasola, L.; and Cabello, J. L. 2014. Linking invasive exotic vertebrates and their ecosystem impacts in Tierra del Fuego to test theory and determine action. Acta Oecologica, 54:110-118."
REF363;Article;"Valenzuela, A. E. J.; Rey, A. R.; Fasola, L.; Samaniego, R. A. S.; and Schiavini, A. Trophic ecology of a top predator colonizing the southern extreme of South America: Feeding habits of invasive American mink (Neovison vison) in Tierra del Fuego. Mammalian Biology, 78:104-110."
REF364;Article;"Valenzuela, A. E.; Rey, A. R.; Fasola, L.; and Schiavini, A. 2013. Understanding the inter-specific dynamics of two co-existing predators in the Tierra del Fuego Archipelago: the native southern river otter and the exotic American mink. Biological invasions, 15(3):645-656."
REF365;Article;"Valenzuela, A. E.; Sepúlveda, M. A.; Cabello, J. L.; and Anderson, C. B. 2016. El visón americano en Patagonia: um análisis histórico y socioecológico de la investigatión y el manejo. Mastozoología Neotropical, 23(2):289-304."
REF366;Data base ;"Vargas Cuenca. J.;Hortelano-Mocanda, Y.; and Cervantes, F. A. 2014. Actualizacion de la base de datos del estado de Morelos de la Coleccion Nacional de Mamiferos del Instituto de Biologia, UNAM. Universidad Nacional Autonoma de Mexico. Instituto de Biologia. Bases de datos SNIB-CONABIO proyecto No. JL003, HA023 y V043. Mexico, D.F. Accessed through GBIF data portal <http://www.conabio.gob.mx/institucion/proyectos/resultados/JL003_HA023_V043_CARATULA_BASE_DE_DATOS.pdf>"
REF367;Thesis;Vargas, A. M. M. 2008. Influencia de las caracterãsticas del hãbitat y actividades humanas sobre la frecuenzia de visitas del Zorro Andino (Lycalopex culpaeus) a estaciones olfativas, en el ãrea natural de manejo integrado nacional Apolobamba, Bolivia. Universidade Nacional da Costa Rica.
REF368;Article;"Vera y Conde, C. F.; and Rocha, C. F. D. 2006. Habitat disturbance and small mammal richness and diversity in an Atlantic rainforest area in southeastern Brazil.Brazilian Journal of Biology,66 (4):983-990."
REF369;Article;"Vignolio, O.; and Fernández, O. N. 2014. Dispersión de semillas en heces de liebre (Lepus europaeus) en pastizales de la Pampa Deprimida. Comunicación. Revista Argentina de Producción Animal, 26 (1):31-38."
REF370;Article;"Voss, W. A.; Breyer F. R. S.;Mattes, G. C.; and Konrad, H.G. 1981. Constatação e observação de uma população residual de Blastocerus dichotomus (Illiger, 1811) (Mammalia, Cervidae). Iheringia, 59:25-36."
REF371;Article;"Walker, A. D.; and Parga, J. A. 2017. “Stink flirting” in ring?tailed lemurs (Lemur catta): Male olfactory displays to females as honest, costly signals. American Journal of Primatology, 79:1-9.
"
REF372;Article;"Xavier, M. S.; Lemos, H. M.; Bezerra, A.; Secco, H.; and Gonçalves, P. R. 2017. Note worthy coastal records of the maned Wolf, Chrysocyon brachyurus (Illiger, 1815), in Southeastern Brazil. Boletim da Sociedade Brasileira de Mastozoologia, 78:9-13."
REF373;Thesis;Xavier, M.S. 2016. Mamiferos terrestres de medio e grande porte do Parque Nacional da Restinga de Jurubatiba: riqueza de especies e vulnerabilidade local. Universidade Federal do Rio de Janeiro.
REF374;Article;"Yamamoto, M. E.; Araujo, A.; Arruda, M. F.; Lima, A.K.M.; Siqueira, J. O.; and Hattori, W. T. 2014. Male and female breeding strategies in a cooperative primate. Behavioural Processes, 109:27-33."
REF375;Article;"Yáñez, J. L.; Cárdenas, J. C.; Gezelle, P.; and Jaksic, F. M. 1986. Food habits of the southernmost mountain lions (Felis concolor) in South America: natural versus livestocked ranges. Journal of Mammalogy, 67 (3):604-606."
REF376;Article;"Zago, L.; Miranda, J. ; Santos, C. V. ; and Passos, F. C. 2011. Composição e dinâmica de grupos de Callithrix penicillata (E. Geoffroy, 1812) introduzidos em fragmento urbano na Ilha de Santa Catarina. In: Miranda, J. M. D.; Hirano, Z. M. B. (Org.). A Primatologia no Brazil, 12:102-113."
REF377;Article;"Zeppelini, D.; Mascarenhas, R.; and Meier, G. G. 2007. Rat eradication as part of a hawksbill turtle (Eretmochelys imbricata) conservation program in an urban area in Cabedelo, Paraiba State, Brazil. Marine Turtle Newsletter, 117:5-7."
